/*
SQLyog Community v13.3.0 (64 bit)
MySQL - 8.0.33 : Database - ksrtc_connect
*********************************************************************
*/

/*!40101 SET NAMES utf8 */;

/*!40101 SET SQL_MODE=''*/;

/*!40014 SET @OLD_UNIQUE_CHECKS=@@UNIQUE_CHECKS, UNIQUE_CHECKS=0 */;
/*!40014 SET @OLD_FOREIGN_KEY_CHECKS=@@FOREIGN_KEY_CHECKS, FOREIGN_KEY_CHECKS=0 */;
/*!40101 SET @OLD_SQL_MODE=@@SQL_MODE, SQL_MODE='NO_AUTO_VALUE_ON_ZERO' */;
/*!40111 SET @OLD_SQL_NOTES=@@SQL_NOTES, SQL_NOTES=0 */;
CREATE DATABASE /*!32312 IF NOT EXISTS*/`ksrtc_connect` /*!40100 DEFAULT CHARACTER SET utf8mb4 COLLATE utf8mb4_0900_ai_ci */ /*!80016 DEFAULT ENCRYPTION='N' */;

USE `ksrtc_connect`;

/*Table structure for table `auth_group` */

DROP TABLE IF EXISTS `auth_group`;

CREATE TABLE `auth_group` (
  `id` int NOT NULL AUTO_INCREMENT,
  `name` varchar(150) NOT NULL,
  PRIMARY KEY (`id`),
  UNIQUE KEY `name` (`name`)
) ENGINE=InnoDB AUTO_INCREMENT=5 DEFAULT CHARSET=utf8mb4 COLLATE=utf8mb4_0900_ai_ci;

/*Data for the table `auth_group` */

insert  into `auth_group`(`id`,`name`) values 
(1,'Admin'),
(2,'Driver'),
(4,'user');

/*Table structure for table `auth_group_permissions` */

DROP TABLE IF EXISTS `auth_group_permissions`;

CREATE TABLE `auth_group_permissions` (
  `id` bigint NOT NULL AUTO_INCREMENT,
  `group_id` int NOT NULL,
  `permission_id` int NOT NULL,
  PRIMARY KEY (`id`),
  UNIQUE KEY `auth_group_permissions_group_id_permission_id_0cd325b0_uniq` (`group_id`,`permission_id`),
  KEY `auth_group_permissio_permission_id_84c5c92e_fk_auth_perm` (`permission_id`),
  CONSTRAINT `auth_group_permissio_permission_id_84c5c92e_fk_auth_perm` FOREIGN KEY (`permission_id`) REFERENCES `auth_permission` (`id`),
  CONSTRAINT `auth_group_permissions_group_id_b120cbf9_fk_auth_group_id` FOREIGN KEY (`group_id`) REFERENCES `auth_group` (`id`)
) ENGINE=InnoDB DEFAULT CHARSET=utf8mb4 COLLATE=utf8mb4_0900_ai_ci;

/*Data for the table `auth_group_permissions` */

/*Table structure for table `auth_permission` */

DROP TABLE IF EXISTS `auth_permission`;

CREATE TABLE `auth_permission` (
  `id` int NOT NULL AUTO_INCREMENT,
  `name` varchar(255) NOT NULL,
  `content_type_id` int NOT NULL,
  `codename` varchar(100) NOT NULL,
  PRIMARY KEY (`id`),
  UNIQUE KEY `auth_permission_content_type_id_codename_01ab375a_uniq` (`content_type_id`,`codename`),
  CONSTRAINT `auth_permission_content_type_id_2f476e4b_fk_django_co` FOREIGN KEY (`content_type_id`) REFERENCES `django_content_type` (`id`)
) ENGINE=InnoDB AUTO_INCREMENT=77 DEFAULT CHARSET=utf8mb4 COLLATE=utf8mb4_0900_ai_ci;

/*Data for the table `auth_permission` */

insert  into `auth_permission`(`id`,`name`,`content_type_id`,`codename`) values 
(1,'Can add log entry',1,'add_logentry'),
(2,'Can change log entry',1,'change_logentry'),
(3,'Can delete log entry',1,'delete_logentry'),
(4,'Can view log entry',1,'view_logentry'),
(5,'Can add permission',2,'add_permission'),
(6,'Can change permission',2,'change_permission'),
(7,'Can delete permission',2,'delete_permission'),
(8,'Can view permission',2,'view_permission'),
(9,'Can add group',3,'add_group'),
(10,'Can change group',3,'change_group'),
(11,'Can delete group',3,'delete_group'),
(12,'Can view group',3,'view_group'),
(13,'Can add user',4,'add_user'),
(14,'Can change user',4,'change_user'),
(15,'Can delete user',4,'delete_user'),
(16,'Can view user',4,'view_user'),
(17,'Can add content type',5,'add_contenttype'),
(18,'Can change content type',5,'change_contenttype'),
(19,'Can delete content type',5,'delete_contenttype'),
(20,'Can view content type',5,'view_contenttype'),
(21,'Can add session',6,'add_session'),
(22,'Can change session',6,'change_session'),
(23,'Can delete session',6,'delete_session'),
(24,'Can view session',6,'view_session'),
(25,'Can add route',7,'add_route'),
(26,'Can change route',7,'change_route'),
(27,'Can delete route',7,'delete_route'),
(28,'Can view route',7,'view_route'),
(29,'Can add users',8,'add_users'),
(30,'Can change users',8,'change_users'),
(31,'Can delete users',8,'delete_users'),
(32,'Can view users',8,'view_users'),
(33,'Can add driver',9,'add_driver'),
(34,'Can change driver',9,'change_driver'),
(35,'Can delete driver',9,'delete_driver'),
(36,'Can view driver',9,'view_driver'),
(37,'Can add bus',10,'add_bus'),
(38,'Can change bus',10,'change_bus'),
(39,'Can delete bus',10,'delete_bus'),
(40,'Can view bus',10,'view_bus'),
(41,'Can add seat',11,'add_seat'),
(42,'Can change seat',11,'change_seat'),
(43,'Can delete seat',11,'delete_seat'),
(44,'Can view seat',11,'view_seat'),
(45,'Can add stop',12,'add_stop'),
(46,'Can change stop',12,'change_stop'),
(47,'Can delete stop',12,'delete_stop'),
(48,'Can view stop',12,'view_stop'),
(49,'Can add feedback',13,'add_feedback'),
(50,'Can change feedback',13,'change_feedback'),
(51,'Can delete feedback',13,'delete_feedback'),
(52,'Can view feedback',13,'view_feedback'),
(53,'Can add complaints',14,'add_complaints'),
(54,'Can change complaints',14,'change_complaints'),
(55,'Can delete complaints',14,'delete_complaints'),
(56,'Can view complaints',14,'view_complaints'),
(57,'Can add booking',15,'add_booking'),
(58,'Can change booking',15,'change_booking'),
(59,'Can delete booking',15,'delete_booking'),
(60,'Can view booking',15,'view_booking'),
(61,'Can add loacation',16,'add_loacation'),
(62,'Can change loacation',16,'change_loacation'),
(63,'Can delete loacation',16,'delete_loacation'),
(64,'Can view loacation',16,'view_loacation'),
(65,'Can add fair',17,'add_fair'),
(66,'Can change fair',17,'change_fair'),
(67,'Can delete fair',17,'delete_fair'),
(68,'Can view fair',17,'view_fair'),
(69,'Can add ticket prize',18,'add_ticketprize'),
(70,'Can change ticket prize',18,'change_ticketprize'),
(71,'Can delete ticket prize',18,'delete_ticketprize'),
(72,'Can view ticket prize',18,'view_ticketprize'),
(73,'Can add payment',19,'add_payment'),
(74,'Can change payment',19,'change_payment'),
(75,'Can delete payment',19,'delete_payment'),
(76,'Can view payment',19,'view_payment');

/*Table structure for table `auth_user` */

DROP TABLE IF EXISTS `auth_user`;

CREATE TABLE `auth_user` (
  `id` int NOT NULL AUTO_INCREMENT,
  `password` varchar(128) NOT NULL,
  `last_login` datetime(6) DEFAULT NULL,
  `is_superuser` tinyint(1) NOT NULL,
  `username` varchar(150) NOT NULL,
  `first_name` varchar(150) NOT NULL,
  `last_name` varchar(150) NOT NULL,
  `email` varchar(254) NOT NULL,
  `is_staff` tinyint(1) NOT NULL,
  `is_active` tinyint(1) NOT NULL,
  `date_joined` datetime(6) NOT NULL,
  PRIMARY KEY (`id`),
  UNIQUE KEY `username` (`username`)
) ENGINE=InnoDB AUTO_INCREMENT=41 DEFAULT CHARSET=utf8mb4 COLLATE=utf8mb4_0900_ai_ci;

/*Data for the table `auth_user` */

insert  into `auth_user`(`id`,`password`,`last_login`,`is_superuser`,`username`,`first_name`,`last_name`,`email`,`is_staff`,`is_active`,`date_joined`) values 
(1,'pbkdf2_sha256$1000000$vIbOYIQQ3cCFP2mRSSzyoo$lHmySlGEdVKIKmXdqklXJSkj6TJx1fVPsILJBQRWwRs=','2026-03-05 10:41:21.854056',1,'admin','','','admin@gmail.com',1,1,'2025-10-17 09:32:10.000000'),
(2,'pbkdf2_sha256$1000000$5Y0ORdtaxfWFlQQPnpzDTD$mDSKjLEizubUnYHvWaiKsK6ZpZoJTkjMXiqdszkQ2NA=','2025-12-19 10:38:56.924178',0,'sheedhshancp661@gmail.com','','','',0,1,'2025-11-14 10:41:01.082778'),
(6,'pbkdf2_sha256$1000000$vOUpfrxueRvdORhVE59Oyo$mHHpvMsTaM8Sl4nNJJNPmyoR94pIAn4tLtYmg25qWFc=','2025-11-21 10:05:13.488620',0,'abc@gmail.com','','','',0,1,'2025-11-14 10:45:06.594133'),
(25,'pbkdf2_sha256$1000000$tbke946hpOR9yrdXkYkZ7G$svDlN04YLnCneOnJrel7EiDbzLAQpS0lSwyWugx337U=','2025-12-26 05:52:46.441813',0,'ameen@gmail.com','','','',0,1,'2025-11-21 10:15:41.675806'),
(32,'pbkdf2_sha256$1000000$O36uii2gl5qJzjgUXn0qML$5RNQJHoe4GupgHVLaFmKZvgfVr7yoo5gUMKgqEM5jds=','2025-12-10 11:19:41.768902',0,'nihal@gmail.com','','','',0,1,'2025-12-10 07:16:10.007878'),
(33,'pbkdf2_sha256$1000000$WbLg1ItqdCrwZCUmPHIcpG$VavhMH0gyvBRuMPMsSmkvMDa5HHW0Zvcv58EsSRWGoA=','2026-03-05 10:49:52.789595',0,'user@gmail.com','','','',0,1,'2025-12-19 10:42:34.843693'),
(35,'pbkdf2_sha256$1000000$KirIOlrfpi6kDv8h2x64g3$co/q5sQgv6nFXhrAGwRwG783a0gbw8xCg4rlXaWO4MU=','2026-03-05 10:37:38.805735',0,'driver@gmail.com','','','',0,1,'2025-12-26 05:55:52.206502'),
(36,'pbkdf2_sha256$1000000$bBpCw6JigkLpifkFxJS7qn$w/HJRxcIbfZV/rbva/JKUXwZUx+9WVzIUT+CyCn7zA0=','2026-02-19 11:35:58.887336',0,'1.insreehari@gmail.com','','','',0,1,'2026-02-19 11:34:50.364955');

/*Table structure for table `auth_user_groups` */

DROP TABLE IF EXISTS `auth_user_groups`;

CREATE TABLE `auth_user_groups` (
  `id` bigint NOT NULL AUTO_INCREMENT,
  `user_id` int NOT NULL,
  `group_id` int NOT NULL,
  PRIMARY KEY (`id`),
  UNIQUE KEY `auth_user_groups_user_id_group_id_94350c0c_uniq` (`user_id`,`group_id`),
  KEY `auth_user_groups_group_id_97559544_fk_auth_group_id` (`group_id`),
  CONSTRAINT `auth_user_groups_group_id_97559544_fk_auth_group_id` FOREIGN KEY (`group_id`) REFERENCES `auth_group` (`id`),
  CONSTRAINT `auth_user_groups_user_id_6a12ed8b_fk_auth_user_id` FOREIGN KEY (`user_id`) REFERENCES `auth_user` (`id`)
) ENGINE=InnoDB AUTO_INCREMENT=9 DEFAULT CHARSET=utf8mb4 COLLATE=utf8mb4_0900_ai_ci;

/*Data for the table `auth_user_groups` */

insert  into `auth_user_groups`(`id`,`user_id`,`group_id`) values 
(1,1,1),
(2,2,2),
(3,6,2),
(4,25,2),
(5,32,4),
(6,33,4),
(7,35,2),
(8,36,2);

/*Table structure for table `auth_user_user_permissions` */

DROP TABLE IF EXISTS `auth_user_user_permissions`;

CREATE TABLE `auth_user_user_permissions` (
  `id` bigint NOT NULL AUTO_INCREMENT,
  `user_id` int NOT NULL,
  `permission_id` int NOT NULL,
  PRIMARY KEY (`id`),
  UNIQUE KEY `auth_user_user_permissions_user_id_permission_id_14a6b632_uniq` (`user_id`,`permission_id`),
  KEY `auth_user_user_permi_permission_id_1fbb5f2c_fk_auth_perm` (`permission_id`),
  CONSTRAINT `auth_user_user_permi_permission_id_1fbb5f2c_fk_auth_perm` FOREIGN KEY (`permission_id`) REFERENCES `auth_permission` (`id`),
  CONSTRAINT `auth_user_user_permissions_user_id_a95ead1b_fk_auth_user_id` FOREIGN KEY (`user_id`) REFERENCES `auth_user` (`id`)
) ENGINE=InnoDB DEFAULT CHARSET=utf8mb4 COLLATE=utf8mb4_0900_ai_ci;

/*Data for the table `auth_user_user_permissions` */

/*Table structure for table `django_admin_log` */

DROP TABLE IF EXISTS `django_admin_log`;

CREATE TABLE `django_admin_log` (
  `id` int NOT NULL AUTO_INCREMENT,
  `action_time` datetime(6) NOT NULL,
  `object_id` longtext,
  `object_repr` varchar(200) NOT NULL,
  `action_flag` smallint unsigned NOT NULL,
  `change_message` longtext NOT NULL,
  `content_type_id` int DEFAULT NULL,
  `user_id` int NOT NULL,
  PRIMARY KEY (`id`),
  KEY `django_admin_log_content_type_id_c4bce8eb_fk_django_co` (`content_type_id`),
  KEY `django_admin_log_user_id_c564eba6_fk_auth_user_id` (`user_id`),
  CONSTRAINT `django_admin_log_content_type_id_c4bce8eb_fk_django_co` FOREIGN KEY (`content_type_id`) REFERENCES `django_content_type` (`id`),
  CONSTRAINT `django_admin_log_user_id_c564eba6_fk_auth_user_id` FOREIGN KEY (`user_id`) REFERENCES `auth_user` (`id`),
  CONSTRAINT `django_admin_log_chk_1` CHECK ((`action_flag` >= 0))
) ENGINE=InnoDB AUTO_INCREMENT=7 DEFAULT CHARSET=utf8mb4 COLLATE=utf8mb4_0900_ai_ci;

/*Data for the table `django_admin_log` */

insert  into `django_admin_log`(`id`,`action_time`,`object_id`,`object_repr`,`action_flag`,`change_message`,`content_type_id`,`user_id`) values 
(1,'2025-10-17 09:33:03.696956','1','Admin',1,'[{\"added\": {}}]',3,1),
(2,'2025-10-17 09:33:20.095199','2','Driver',1,'[{\"added\": {}}]',3,1),
(3,'2025-10-17 09:33:27.407468','3','User',1,'[{\"added\": {}}]',3,1),
(4,'2025-10-17 09:33:49.427787','3','User',3,'',3,1),
(5,'2025-10-17 09:33:54.170233','4','user',1,'[{\"added\": {}}]',3,1),
(6,'2025-10-17 09:34:06.001059','1','admin',2,'[{\"changed\": {\"fields\": [\"Groups\"]}}]',4,1);

/*Table structure for table `django_content_type` */

DROP TABLE IF EXISTS `django_content_type`;

CREATE TABLE `django_content_type` (
  `id` int NOT NULL AUTO_INCREMENT,
  `app_label` varchar(100) NOT NULL,
  `model` varchar(100) NOT NULL,
  PRIMARY KEY (`id`),
  UNIQUE KEY `django_content_type_app_label_model_76bd3d3b_uniq` (`app_label`,`model`)
) ENGINE=InnoDB AUTO_INCREMENT=20 DEFAULT CHARSET=utf8mb4 COLLATE=utf8mb4_0900_ai_ci;

/*Data for the table `django_content_type` */

insert  into `django_content_type`(`id`,`app_label`,`model`) values 
(1,'admin','logentry'),
(3,'auth','group'),
(2,'auth','permission'),
(4,'auth','user'),
(5,'contenttypes','contenttype'),
(15,'myapp','booking'),
(10,'myapp','bus'),
(14,'myapp','complaints'),
(9,'myapp','driver'),
(17,'myapp','fair'),
(13,'myapp','feedback'),
(16,'myapp','loacation'),
(19,'myapp','payment'),
(7,'myapp','route'),
(11,'myapp','seat'),
(12,'myapp','stop'),
(18,'myapp','ticketprize'),
(8,'myapp','users'),
(6,'sessions','session');

/*Table structure for table `django_migrations` */

DROP TABLE IF EXISTS `django_migrations`;

CREATE TABLE `django_migrations` (
  `id` bigint NOT NULL AUTO_INCREMENT,
  `app` varchar(255) NOT NULL,
  `name` varchar(255) NOT NULL,
  `applied` datetime(6) NOT NULL,
  PRIMARY KEY (`id`)
) ENGINE=InnoDB AUTO_INCREMENT=36 DEFAULT CHARSET=utf8mb4 COLLATE=utf8mb4_0900_ai_ci;

/*Data for the table `django_migrations` */

insert  into `django_migrations`(`id`,`app`,`name`,`applied`) values 
(1,'contenttypes','0001_initial','2025-10-17 09:27:17.159313'),
(2,'auth','0001_initial','2025-10-17 09:27:17.523607'),
(3,'admin','0001_initial','2025-10-17 09:27:17.603117'),
(4,'admin','0002_logentry_remove_auto_add','2025-10-17 09:27:17.619095'),
(5,'admin','0003_logentry_add_action_flag_choices','2025-10-17 09:27:17.619095'),
(6,'contenttypes','0002_remove_content_type_name','2025-10-17 09:27:17.683006'),
(7,'auth','0002_alter_permission_name_max_length','2025-10-17 09:27:17.714957'),
(8,'auth','0003_alter_user_email_max_length','2025-10-17 09:27:17.743987'),
(9,'auth','0004_alter_user_username_opts','2025-10-17 09:27:17.746535'),
(10,'auth','0005_alter_user_last_login_null','2025-10-17 09:27:17.794170'),
(11,'auth','0006_require_contenttypes_0002','2025-10-17 09:27:17.801713'),
(12,'auth','0007_alter_validators_add_error_messages','2025-10-17 09:27:17.807463'),
(13,'auth','0008_alter_user_username_max_length','2025-10-17 09:27:17.844038'),
(14,'auth','0009_alter_user_last_name_max_length','2025-10-17 09:27:17.897372'),
(15,'auth','0010_alter_group_name_max_length','2025-10-17 09:27:17.903764'),
(16,'auth','0011_update_proxy_permissions','2025-10-17 09:27:17.919756'),
(17,'auth','0012_alter_user_first_name_max_length','2025-10-17 09:27:17.951345'),
(18,'myapp','0001_initial','2025-10-17 09:27:18.578423'),
(19,'sessions','0001_initial','2025-10-17 09:27:18.650988'),
(20,'myapp','0002_driver_photo','2025-11-12 09:05:43.231466'),
(21,'myapp','0003_remove_bus_route','2025-11-12 10:22:32.360912'),
(22,'myapp','0004_bus_route','2025-11-12 10:23:01.979711'),
(23,'myapp','0005_remove_bus_route_bus_fromroute_bus_to_route','2025-11-12 10:27:35.275996'),
(24,'myapp','0006_booking_seat_no','2025-12-10 06:49:21.946011'),
(25,'myapp','0007_alter_booking_seat_no','2025-12-10 06:49:54.067989'),
(26,'myapp','0008_users_user','2025-12-10 06:57:44.303734'),
(27,'myapp','0009_users_photo','2025-12-10 06:59:38.856876'),
(28,'myapp','0010_remove_complaints_state','2025-12-10 10:21:10.191595'),
(29,'myapp','0011_loacation','2025-12-19 09:17:22.712551'),
(30,'myapp','0012_fair','2025-12-26 06:40:06.809206'),
(31,'myapp','0013_ticketprize_delete_fair','2025-12-26 08:52:47.086198'),
(32,'myapp','0014_booking_amount','2025-12-26 10:41:09.686633'),
(33,'myapp','0015_payment','2025-12-26 11:42:09.863986'),
(34,'myapp','0016_booking_status','2026-01-03 08:44:54.727597'),
(35,'myapp','0017_alter_booking_status','2026-01-03 08:45:11.825489');

/*Table structure for table `django_session` */

DROP TABLE IF EXISTS `django_session`;

CREATE TABLE `django_session` (
  `session_key` varchar(40) NOT NULL,
  `session_data` longtext NOT NULL,
  `expire_date` datetime(6) NOT NULL,
  PRIMARY KEY (`session_key`),
  KEY `django_session_expire_date_a5c62663` (`expire_date`)
) ENGINE=InnoDB DEFAULT CHARSET=utf8mb4 COLLATE=utf8mb4_0900_ai_ci;

/*Data for the table `django_session` */

insert  into `django_session`(`session_key`,`session_data`,`expire_date`) values 
('0atqsf7vr9zi9dzqcsodub6b65fw5t8w','.eJxVjDsOwjAQBe_iGlnCL_6Ekp4zWLteGwdQIsVJFXF3iJQC2jczb1OR1qXGteU5DqIuClCn35EpPfO4E3nQeJ90msZlHljvij5o07dJ8ut6uH8HlVr91t67khkdYCAonROH3sB4MS4T2VQ8gnBJ8AzppHAPH3AWyoHJWvX-AAW-OHM:1vtkOJ:LRuUenZecnNpLtguVniSq2IfqENUaCffGoOoPC6_hLE','2026-03-07 10:39:15.400741'),
('0cbi4sp92pag2rhba5ssg4rwhy95bhk8','.eJxVjDsOwjAQBe_iGllJvP6Ekp4zWLvZNQ4gW4qTCnF3iJQC2jcz76UibmuOW5MlzqzOyhh1-h0Jp4eUnfAdy63qqZZ1mUnvij5o09fK8rwc7t9Bxpa_dW8CYbB-MGScJ-YRmIEACNFZb30H0rPYkBLwMACbMTiLQXxnJU2k3h8EvzhE:1vt2G7:L_PctraRvZHT-LjxX9Lro_odWPXpti2XTLRK179wGu4','2026-03-05 11:31:51.213802'),
('0gpryuy3ig8qcdwifjunhk5jrbuykzw1','.eJxVjDsOwjAQBe_iGllJvP6Ekp4zWLvZNQ4gW4qTCnF3iJQC2jcz76UibmuOW5MlzqzOyhh1-h0Jp4eUnfAdy63qqZZ1mUnvij5o09fK8rwc7t9Bxpa_dW8CYbB-MGScJ-YRmIEACNFZb30H0rPYkBLwMACbMTiLQXxnJU2k3h8EvzhE:1vbZFA:DjkDqUz0vTAJSTLXQNZPyXxpYXsKISSD0arOkZRmCAA','2026-01-16 07:06:40.146323'),
('0lo7mvae4xvh47tftcnjh8w88at5o0uz','.eJxVjDsOwjAQBe_iGlnCL_6Ekp4zWLteGwdQIsVJFXF3iJQC2jczb1OR1qXGteU5DqIuClCn35EpPfO4E3nQeJ90msZlHljvij5o07dJ8ut6uH8HlVr91t67khkdYCAonROH3sB4MS4T2VQ8gnBJ8AzppHAPH3AWyoHJWvX-AAW-OHM:1vwGie:C0fKokZ-2rN4-zXYklxmp14bdt4sAieReRHdtwhIc94','2026-03-14 09:34:40.740193'),
('0omzmtk1o3syqej7qtyx9mve92bxoosu','.eJxVjEEOgjAQRe_StWloC0zr0j1naGamg0VNSSisjHcXEha6_e-9_1YRtzXHrcoSp6SuyqrL70bITykHSA8s91nzXNZlIn0o-qRVD3OS1-10_w4y1rzXxnv2zrAABGuBmahBosQBbHAcnPSAbhTTQQO0y9aMPrQgXZ9saL36fAHj1TeV:1vJrNm:7XLn7QTjgSGNy_IbN23Py1E6jvFW-W88QEqZqRlja6U','2025-11-28 10:50:22.692367'),
('0v7h1duribvolyg1wj4fraiade3mq3na','.eJxVjDsOwjAQBe_iGllJvP6Ekp4zWLvZNQ4gW4qTCnF3iJQC2jcz76UibmuOW5MlzqzOyhh1-h0Jp4eUnfAdy63qqZZ1mUnvij5o09fK8rwc7t9Bxpa_dW8CYbB-MGScJ-YRmIEACNFZb30H0rPYkBLwMACbMTiLQXxnJU2k3h8EvzhE:1vcLkL:2BXsZwFPLqeYGaPzjohOBXhiz4fsduLUJdaqlAobrQ4','2026-01-18 10:54:05.610195'),
('1cbitzn7gqwetepo1dgxwmh5jkokhitv','.eJxVjDsOwjAQBe_iGlnCL_6Ekp4zWLteGwdQIsVJFXF3iJQC2jczb1OR1qXGteU5DqIuClCn35EpPfO4E3nQeJ90msZlHljvij5o07dJ8ut6uH8HlVr91t67khkdYCAonROH3sB4MS4T2VQ8gnBJ8AzppHAPH3AWyoHJWvX-AAW-OHM:1vtjcg:h_Cx3vY7KFCNF6TZsnNAhqYAABcBul_ki73OVbBDa4c','2026-03-07 09:50:02.774604'),
('1cta3v45sbyq0bitca0hxo5zz6gsv26e','.eJxVjDsOwjAQBe_iGllJvP6Ekp4zWLvZNQ4gW4qTCnF3iJQC2jcz76UibmuOW5MlzqzOyhh1-h0Jp4eUnfAdy63qqZZ1mUnvij5o09fK8rwc7t9Bxpa_dW8CYbB-MGScJ-YRmIEACNFZb30H0rPYkBLwMACbMTiLQXxnJU2k3h8EvzhE:1vZ4e8:Ix-gUd7m-bZEdREZ1uCdweRDziPnVrURFOqGIUiPrjc','2026-01-09 10:02:08.059100'),
('1gpjaxvde47s6z5yvk7wj27nw9zyv5t2','.eJxVjMEOwiAQRP-FsyFloWvx6N1vIMAuUjWQlPZk_HdL0oOeJjNvZt7C-W3Nbmu8uJnERcAoTr9h8PHJpRN6-HKvMtayLnOQvSIP2uStEr-uR_fvIPuW97Viy2iZaSKECAlAdQNABpVnhaOicyCTaFcwPAxoGNPEWls9AojPFx3fOA0:1vWXKZ:6BTwDfimmjQYyK_ZLlTqhLD0yGNmhIOe3ODzfh0RvBk','2026-01-02 10:03:27.629505'),
('1t4nmpkx3k3kn47ri8f05s9ve5le2b0j','.eJxVjDsOwyAQRO9CHaHlYz4p0_sMaGFxcBJhydhVlLsHSy6SaqR5b-bNAu5bCXvLa5iJXZlgl98uYnrmegB6YL0vPC11W-fID4WftPFxofy6ne7fQcFW-lo7pyyKOAjlLVg0IA1JA2AFaEPOkdI2WQUyqwFT12gCT36SPSNk9vkCmmc2pA:1vcMVt:ollSCQoSVq0DQp5CS0B_TDTN-9bJpsFFqMpEFc79La4','2026-01-18 11:43:13.331714'),
('1tquooa4de7m9o06da0966fdpedfoqd9','.eJxVjEEOgjAQRe_StWloC0zr0j1naGamg0VNSSisjHcXEha6_e-9_1YRtzXHrcoSp6SuyqrL70bITykHSA8s91nzXNZlIn0o-qRVD3OS1-10_w4y1rzXxnv2zrAABGuBmahBosQBbHAcnPSAbhTTQQO0y9aMPrQgXZ9saL36fAHj1TeV:1vJrRu:cagXd2Hu3OmWTu5xbBLGQ15c9WNdSP1GdDCvEotqRww','2025-11-28 10:54:38.869690'),
('1wg3u9y6mauxlpwof1uz35auxoi8wja9','.eJxVjDsOwjAQBe_iGln4F7yU9JzBWu-uSQDZUpxUiLtDpBTQvpl5L5VwXca0dpnTxOqsnFWH3zEjPaRuhO9Yb01Tq8s8Zb0peqddXxvL87K7fwcj9vFbA50gyEAlkzcSIotHYxkNAx9ZwFG0wXgv1pJB8MNAEHMuQs5xEVDvDyaWOQU:1vTICD:8le4T6JIazJ2-N9-eBUDj9hsC2KtaJQVprc6g93ZyXU','2025-12-24 11:17:25.755780'),
('1zi4t2cx81mrf45f1nwg2gkvu1yabyzi','.eJxVjDsOwjAQBe_iGllJvP6Ekp4zWLvZNQ4gW4qTCnF3iJQC2jcz76UibmuOW5MlzqzOyhh1-h0Jp4eUnfAdy63qqZZ1mUnvij5o09fK8rwc7t9Bxpa_dW8CYbB-MGScJ-YRmIEACNFZb30H0rPYkBLwMACbMTiLQXxnJU2k3h8EvzhE:1vbx2P:KaZBxPyDCNi2yzAoi5NPKixcdQhhOwJAKwQWGBUzcbw','2026-01-17 08:31:05.517895'),
('22ve243v6m089pofynzghwbyt9gchwct','.eJxVjDsOwjAQBe_iGllJvP6Ekp4zWLvZNQ4gW4qTCnF3iJQC2jcz76UibmuOW5MlzqzOyhh1-h0Jp4eUnfAdy63qqZZ1mUnvij5o09fK8rwc7t9Bxpa_dW8CYbB-MGScJ-YRmIEACNFZb30H0rPYkBLwMACbMTiLQXxnJU2k3h8EvzhE:1vZ4Iu:TJAuOwKBOAogqiYcoSmW7Z555FKzbexTG5dO3nq_sMc','2026-01-09 09:40:12.630678'),
('294h8lzsy0t2fqf1ofvsq7xeunw28gcp','.eJxVjDsOwyAQRO9CHaHlYz4p0_sMaGFxcBJhydhVlLsHSy6SaqR5b-bNAu5bCXvLa5iJXZlgl98uYnrmegB6YL0vPC11W-fID4WftPFxofy6ne7fQcFW-lo7pyyKOAjlLVg0IA1JA2AFaEPOkdI2WQUyqwFT12gCT36SPSNk9vkCmmc2pA:1vwF5S:uLaoqLxRe3a6MRDuexuGe6oU942U25bSaJ4TnkGT3gA','2026-03-14 07:50:06.777497'),
('2dmjp39ogwco0xnw5zhj8g8olez1v4w2','.eJxVjEEOgjAQRe_StWloC0zr0j1naGamg0VNSSisjHcXEha6_e-9_1YRtzXHrcoSp6SuyqrL70bITykHSA8s91nzXNZlIn0o-qRVD3OS1-10_w4y1rzXxnv2zrAABGuBmahBosQBbHAcnPSAbhTTQQO0y9aMPrQgXZ9saL36fAHj1TeV:1vJrRj:FACTFyZ87aHDO9YeinAc7gUVJ7GEkFawNBzZJgjPFEw','2025-11-28 10:54:27.799992'),
('2ezhcuykp1pkge5uir9o342e3j0rzzef','.eJxVjDsOwyAQRO9CHaHlYz4p0_sMaGFxcBJhydhVlLsHSy6SaqR5b-bNAu5bCXvLa5iJXZlgl98uYnrmegB6YL0vPC11W-fID4WftPFxofy6ne7fQcFW-lo7pyyKOAjlLVg0IA1JA2AFaEPOkdI2WQUyqwFT12gCT36SPSNk9vkCmmc2pA:1vcJix:1A6c1O9DKwl7yd7YDVzQTPCVcLqelNo8ElkkE1gAjvc','2026-01-18 08:44:31.401528'),
('2fohmi1swid603e4n7vakeie08gpzmqv','.eJxVjDsOwjAQBe_iGlnCL_6Ekp4zWLteGwdQIsVJFXF3iJQC2jczb1OR1qXGteU5DqIuClCn35EpPfO4E3nQeJ90msZlHljvij5o07dJ8ut6uH8HlVr91t67khkdYCAonROH3sB4MS4T2VQ8gnBJ8AzppHAPH3AWyoHJWvX-AAW-OHM:1vy4M9:ab5ELBIq-R2EhDe3SAr3zdLHK1pGnHVIrmNAXm8wD0w','2026-03-19 08:46:53.899605'),
('2fz07mxelwgz9grm7usa1vegbqcpyrb2','.eJxVjDsOwjAQBe_iGllJvP6Ekp4zWLvZNQ4gW4qTCnF3iJQC2jcz76UibmuOW5MlzqzOyhh1-h0Jp4eUnfAdy63qqZZ1mUnvij5o09fK8rwc7t9Bxpa_dW8CYbB-MGScJ-YRmIEACNFZb30H0rPYkBLwMACbMTiLQXxnJU2k3h8EvzhE:1vbarr:KXGV9zQ6itMX7l_0zbwAV9sHUyzSS92ZtXoScA4ZS1I','2026-01-16 08:50:43.711527'),
('2gbqvciue32la32e2d9qbxzy1klrt88l','.eJxVjMEOwiAQRP-FsyFloWvx6N1vIMAuUjWQlPZk_HdL0oOeJjNvZt7C-W3Nbmu8uJnERcAoTr9h8PHJpRN6-HKvMtayLnOQvSIP2uStEr-uR_fvIPuW97Viy2iZaSKECAlAdQNABpVnhaOicyCTaFcwPAxoGNPEWls9AojPFx3fOA0:1vMOjp:t-tXprN-1wonwPdEv9zJhEgTp4KJ9S5AJrCekTO90dU','2025-12-05 10:51:37.946231'),
('2la5lftz6ysyt4kfwrpjpmvu0dje33rr','.eJxVjDsOwjAQBe_iGln-rH-U9DmDtfY6OIAcKU4qxN1JpBTQzsx7bxZxW2vcelniROzKtGGXX5gwP0s7DD2w3Wee57YuU-JHwk_b-TBTed3O9u-gYq_7GiQAFVO0CCi19M7aMDqS6EdrkJRIXuRAoHYWQjIEYAEVamesKNmzzxfr0zdR:1vthLC:KMEdiS9X62xVN_4wuGRaiBafQkvK4fuxjX5pMl7HyTM','2026-03-07 07:23:50.529096'),
('2n8g12muefpotfkh8xrdhgn6w55ox0h1','.eJxVjDsOwjAQBe_iGln4F7yU9JzBWu-uSQDZUpxUiLtDpBTQvpl5L5VwXca0dpnTxOqsnFWH3zEjPaRuhO9Yb01Tq8s8Zb0peqddXxvL87K7fwcj9vFbA50gyEAlkzcSIotHYxkNAx9ZwFG0wXgv1pJB8MNAEHMuQs5xEVDvDyaWOQU:1vTI0N:XHI-_violhMXr62BQ9pXqvfqxNEW_iGxLv2cjDjuAis','2025-12-24 11:05:11.776583'),
('2o9xuc3uw1lgb9remfi5vz9d5c0jizt0','.eJxVjDsOwjAQBe_iGlnCL_6Ekp4zWLteGwdQIsVJFXF3iJQC2jczb1OR1qXGteU5DqIuClCn35EpPfO4E3nQeJ90msZlHljvij5o07dJ8ut6uH8HlVr91t67khkdYCAonROH3sB4MS4T2VQ8gnBJ8AzppHAPH3AWyoHJWvX-AAW-OHM:1vwFlC:oeciIXF9nfqcFHA4AQBAYzQoiVpHFbN6y8qoEtXg7cE','2026-03-14 08:33:14.697867'),
('2rkxr9k05iuf6uy5l6oitujf82b1fkx5','.eJxVjMEOwiAQRP-FsyFloWvx6N1vIMAuUjWQlPZk_HdL0oOeJjNvZt7C-W3Nbmu8uJnERcAoTr9h8PHJpRN6-HKvMtayLnOQvSIP2uStEr-uR_fvIPuW97Viy2iZaSKECAlAdQNABpVnhaOicyCTaFcwPAxoGNPEWls9AojPFx3fOA0:1vWWBf:RJ6KG1GxC9J2AftzX42-WOAu02OxcVLBTwiQZTn1jNs','2026-01-02 08:50:11.854215'),
('2yhngatmij9g74d6dos1se3jy6f7yzr6','.eJxVjEEOwiAQRe_C2pCBIoJL956BzAxTqRpISrsy3l2bdKHb_977L5VwXUpau8xpyuqsvDr8boT8kLqBfMd6a5pbXeaJ9KbonXZ9bVmel939OyjYy7d2-RhdFGsCC_MoAtGzEQhjBuci-hMZGKzJiAgcDdEQgiXwfnDsCNT7A_OwN_A:1vJs6x:e82ymRpDOM5sm_VE7BWPChJYEss1AgW9o92VeVOta40','2025-11-28 11:37:03.784346'),
('31t3r8da887wji9b8rjxfk2smrlrlpyf','.eJxVjEEOwiAQRe_C2hBhQKYu3XsGMlMGqRpISrsy3l2bdKHb_977LxVpXUpcu8xxSuqswKrD78g0PqRuJN2p3poeW13mifWm6J12fW1Jnpfd_Tso1Mu3NoRH8BIMQPAnx0M2KBKsQ2ZvA1vKLvDgmYHAJCSghOgzZJMBSNT7A-95OAU:1vTFiW:ZYpDKGZ5dYFKCWfrM5eL0phUjG739voPbkynZkh6RbY','2025-12-24 08:38:36.459796'),
('36qum40i95asx83zubqaf8zcha7d9sco','.eJxVjMEOwiAQRP-FsyFloWvx6N1vIMAuUjWQlPZk_HdL0oOeJjNvZt7C-W3Nbmu8uJnERcAoTr9h8PHJpRN6-HKvMtayLnOQvSIP2uStEr-uR_fvIPuW97Viy2iZaSKECAlAdQNABpVnhaOicyCTaFcwPAxoGNPEWls9AojPFx3fOA0:1vWWBe:kq06cIHmmvLS9IkvQH00jeAyg1nInI9DcyUobXAvgj0','2026-01-02 08:50:10.905705'),
('3fflzh94rbzhw5eo5gx91xu0wy8mowmz','.eJxVjDsOwjAQBe_iGln-rH-U9DmDtfY6OIAcKU4qxN1JpBTQzsx7bxZxW2vcelniROzKtGGXX5gwP0s7DD2w3Wee57YuU-JHwk_b-TBTed3O9u-gYq_7GiQAFVO0CCi19M7aMDqS6EdrkJRIXuRAoHYWQjIEYAEVamesKNmzzxfr0zdR:1vuq8n:3yp9IYAGI2YtksvKPIdVVxQTEM796AKtpp4m3zC8UBA','2026-03-10 10:59:45.695211'),
('3j2eb59gc5wp0absjwcbky3md5m3c324','.eJxVjDsOwjAQBe_iGln-rH-U9DmDtfY6OIAcKU4qxN1JpBTQzsx7bxZxW2vcelniROzKtGGXX5gwP0s7DD2w3Wee57YuU-JHwk_b-TBTed3O9u-gYq_7GiQAFVO0CCi19M7aMDqS6EdrkJRIXuRAoHYWQjIEYAEVamesKNmzzxfr0zdR:1vtiHP:A6hlW9g3JjQ6Wtdt1DTIU5MYd79021C2FmryEIzPo34','2026-03-07 08:23:59.910170'),
('3u18sokf51qj0r8rjoosnbx0ocswn9dh','.eJxVjEEOgjAQRe_StWloC0zr0j1naGamg0VNSSisjHcXEha6_e-9_1YRtzXHrcoSp6SuyqrL70bITykHSA8s91nzXNZlIn0o-qRVD3OS1-10_w4y1rzXxnv2zrAABGuBmahBosQBbHAcnPSAbhTTQQO0y9aMPrQgXZ9saL36fAHj1TeV:1vJrRn:SXISn37NchfIBLyTAivmaaX0JVluEtEFqBpZlHzXKy4','2025-11-28 10:54:31.363267'),
('3yhpwafw8ifjukraxb5ymij6pdpkzwb8','.eJxVjMsOwiAQRf-FtSE8Oh1w6d5vIMCAVA0kpV0Z_11JutDtPefcF3N-34rbe1rdQuzMtGan3zH4-Eh1ELr7ems8trqtS-BD4Qft_NooPS-H-3dQfC-jni0oFMIqxGSDUV7PFD0Fi1GCzSnTBCJnhPT1JKAyAVGjtBOQBsPeH_djN0E:1vWXwg:DuoYDNvq2a2MjM_i7LbTLqwB6W2QII7AdX2REE2iTeg','2026-01-02 10:42:50.467199'),
('3zokrldki00igr8tfpynsuyw7ao00v5k','.eJxVjEEOgjAQRe_StWloC0zr0j1naGamg0VNSSisjHcXEha6_e-9_1YRtzXHrcoSp6SuyqrL70bITykHSA8s91nzXNZlIn0o-qRVD3OS1-10_w4y1rzXxnv2zrAABGuBmahBosQBbHAcnPSAbhTTQQO0y9aMPrQgXZ9saL36fAHj1TeV:1vMO69:ZMXtqJX9Ies64R6gHu4oeYgcgcUb5JgxXj3LBpjC0lE','2025-12-05 10:10:37.137207'),
('44zjm0xcb86akx5hfyk6gn1jm93tyzxf','.eJxVjDsOwjAQBe_iGlnCL_6Ekp4zWLteGwdQIsVJFXF3iJQC2jczb1OR1qXGteU5DqIuClCn35EpPfO4E3nQeJ90msZlHljvij5o07dJ8ut6uH8HlVr91t67khkdYCAonROH3sB4MS4T2VQ8gnBJ8AzppHAPH3AWyoHJWvX-AAW-OHM:1vy66D:RVOGU_CtQJqpQ_JIPSVPL8x5QSq-mwk30CtO107uBBU','2026-03-19 10:38:33.163488'),
('48n598k6d87dgvpudh0lzzkjlxrhcadk','.eJxVjMEOwiAQRP-FsyFloWvx6N1vIMAuUjWQlPZk_HdL0oOeJjNvZt7C-W3Nbmu8uJnERcAoTr9h8PHJpRN6-HKvMtayLnOQvSIP2uStEr-uR_fvIPuW97Viy2iZaSKECAlAdQNABpVnhaOicyCTaFcwPAxoGNPEWls9AojPFx3fOA0:1vWXHi:fP8NMDLyJA_v4rNNtOYeqE5olXa-MWjERvsM9xHI_oY','2026-01-02 10:00:30.419430'),
('4aimjii8cin1d2jez5xl3tysgp3krimi','.eJxVjDsOwjAQBe_iGllJvP6Ekp4zWLvZNQ4gW4qTCnF3iJQC2jcz76UibmuOW5MlzqzOyhh1-h0Jp4eUnfAdy63qqZZ1mUnvij5o09fK8rwc7t9Bxpa_dW8CYbB-MGScJ-YRmIEACNFZb30H0rPYkBLwMACbMTiLQXxnJU2k3h8EvzhE:1vbZ0e:mPKlpDeSzPTpwQHIugJuf8T6vKsHKQsgD__oUZwyRUY','2026-01-16 06:51:40.046757'),
('4g8h5nlmzdgi62xht3acpyg3re40f48b','.eJxVjDsOwjAQBe_iGlnCL_6Ekp4zWLteGwdQIsVJFXF3iJQC2jczb1OR1qXGteU5DqIuClCn35EpPfO4E3nQeJ90msZlHljvij5o07dJ8ut6uH8HlVr91t67khkdYCAonROH3sB4MS4T2VQ8gnBJ8AzppHAPH3AWyoHJWvX-AAW-OHM:1vunow:3chkYkElcRgGFRWhoeS2aYVHkEohq-bOm7125alsqjU','2026-03-10 08:31:06.377441'),
('4k9vqq6azq7xt10gz47azmn2rufiyf9k','.eJxVjDsOwjAQBe_iGllJvP6Ekp4zWLvZNQ4gW4qTCnF3iJQC2jcz76UibmuOW5MlzqzOyhh1-h0Jp4eUnfAdy63qqZZ1mUnvij5o09fK8rwc7t9Bxpa_dW8CYbB-MGScJ-YRmIEACNFZb30H0rPYkBLwMACbMTiLQXxnJU2k3h8EvzhE:1vbbPK:v4riGcPN0gkoie0SGZJIJwMqjBG7q9L_g3Ut6QEKJwI','2026-01-16 09:25:18.666451'),
('4loqd9zxq5yeedkhie544dkd8gi9q39k','.eJxVjEEOgjAQRe_StWloC0zr0j1naGamg0VNSSisjHcXEha6_e-9_1YRtzXHrcoSp6SuyqrL70bITykHSA8s91nzXNZlIn0o-qRVD3OS1-10_w4y1rzXxnv2zrAABGuBmahBosQBbHAcnPSAbhTTQQO0y9aMPrQgXZ9saL36fAHj1TeV:1vJrOb:Ib7QhWJ-LdSeGYkn5qx6XbPchimRVjuLR4n_x_8XJWQ','2025-11-28 10:51:13.625207'),
('4p3qsjq6r2v8k531d1ttsdm87p9km55g','.eJxVjEEOgjAQRe_StWloC0zr0j1naGamg0VNSSisjHcXEha6_e-9_1YRtzXHrcoSp6SuyqrL70bITykHSA8s91nzXNZlIn0o-qRVD3OS1-10_w4y1rzXxnv2zrAABGuBmahBosQBbHAcnPSAbhTTQQO0y9aMPrQgXZ9saL36fAHj1TeV:1vJrRj:FACTFyZ87aHDO9YeinAc7gUVJ7GEkFawNBzZJgjPFEw','2025-11-28 10:54:27.268164'),
('4r2ep7e7lwimxfi3eot1r6q4qe2yns7e','.eJxVjDsOwjAQBe_iGln-rH-U9DmDtfY6OIAcKU4qxN1JpBTQzsx7bxZxW2vcelniROzKtGGXX5gwP0s7DD2w3Wee57YuU-JHwk_b-TBTed3O9u-gYq_7GiQAFVO0CCi19M7aMDqS6EdrkJRIXuRAoHYWQjIEYAEVamesKNmzzxfr0zdR:1vZ4gy:S5p7EQxw-8Ej-1fYITUJ_dxnPApSLY7jvZVoiec3fMc','2026-01-09 10:05:04.767539'),
('4r3mbl7euvrbx4qf2e7smjyfl5spgmzv','.eJxVjDsOwjAQBe_iGlnCL_6Ekp4zWLteGwdQIsVJFXF3iJQC2jczb1OR1qXGteU5DqIuClCn35EpPfO4E3nQeJ90msZlHljvij5o07dJ8ut6uH8HlVr91t67khkdYCAonROH3sB4MS4T2VQ8gnBJ8AzppHAPH3AWyoHJWvX-AAW-OHM:1vwElb:0WMawyT1V-smElyw2h4VDrxPL2c3k7CyRgrKBZtGWvE','2026-03-14 07:29:35.113220'),
('4y4tlhmd9nntodtotc5v0klcqf5f2fld','.eJxVjDsOwjAQBe_iGlnCL_6Ekp4zWLteGwdQIsVJFXF3iJQC2jczb1OR1qXGteU5DqIuClCn35EpPfO4E3nQeJ90msZlHljvij5o07dJ8ut6uH8HlVr91t67khkdYCAonROH3sB4MS4T2VQ8gnBJ8AzppHAPH3AWyoHJWvX-AAW-OHM:1vukwa:ZHRM1SpUWplPYOmvZl_vlR1TCg6CYkhZN3DL9JgGW0Q','2026-03-10 05:26:48.006434'),
('55oj3e3qacl5u59vrwimkxdlj6z9vhpp','.eJxVjMEOwiAQRP-FsyFloWvx6N1vIMAuUjWQlPZk_HdL0oOeJjNvZt7C-W3Nbmu8uJnERcAoTr9h8PHJpRN6-HKvMtayLnOQvSIP2uStEr-uR_fvIPuW97Viy2iZaSKECAlAdQNABpVnhaOicyCTaFcwPAxoGNPEWls9AojPFx3fOA0:1vWXT0:dBmZXdHFOLcYwYcosL-8UhTVFmxuHz06JPLPdn_EcmY','2026-01-02 10:12:10.346637'),
('5n5dlptqfpi6adigx8t5zunbd4hj2b6t','.eJxVjEEOgjAQRe_StWloC0zr0j1naGamg0VNSSisjHcXEha6_e-9_1YRtzXHrcoSp6SuyqrL70bITykHSA8s91nzXNZlIn0o-qRVD3OS1-10_w4y1rzXxnv2zrAABGuBmahBosQBbHAcnPSAbhTTQQO0y9aMPrQgXZ9saL36fAHj1TeV:1vMPYk:2d62ucIUZd6Hr1D-Wb2jnTCvpsX2obsm_QhvZ09Ozbs','2025-12-05 11:44:14.251262'),
('5umgrrfz7qreoauxcmaitd5vjv8o7n72','.eJxVjDsOwjAQBe_iGln-rH-U9DmDtfY6OIAcKU4qxN1JpBTQzsx7bxZxW2vcelniROzKtGGXX5gwP0s7DD2w3Wee57YuU-JHwk_b-TBTed3O9u-gYq_7GiQAFVO0CCi19M7aMDqS6EdrkJRIXuRAoHYWQjIEYAEVamesKNmzzxfr0zdR:1vt2nM:1VFELBTl565AsmeU5oqu6hsPYI0lP8YVDCYPnk7AlbA','2026-03-05 12:06:12.028677'),
('687kaieed8gific749aw6cuqu11znna2','.eJxVjDsOwjAQBe_iGlnCL_6Ekp4zWLteGwdQIsVJFXF3iJQC2jczb1OR1qXGteU5DqIuClCn35EpPfO4E3nQeJ90msZlHljvij5o07dJ8ut6uH8HlVr91t67khkdYCAonROH3sB4MS4T2VQ8gnBJ8AzppHAPH3AWyoHJWvX-AAW-OHM:1vwGfy:U725W1sjWSaBoP961erZ7GEWEq5z_n1yOoQbrEnCjvs','2026-03-14 09:31:54.231081'),
('6d4jlpq365dj9sl7bcv9vzdwple55ea1','.eJxVjDsOwjAQBe_iGlnCL_6Ekp4zWLteGwdQIsVJFXF3iJQC2jczb1OR1qXGteU5DqIuClCn35EpPfO4E3nQeJ90msZlHljvij5o07dJ8ut6uH8HlVr91t67khkdYCAonROH3sB4MS4T2VQ8gnBJ8AzppHAPH3AWyoHJWvX-AAW-OHM:1vvCrz:5GEwNuU8OMOxdjOj14hwGs-AUO8OJbvcmRc1k-VF2AM','2026-03-11 11:15:55.474492'),
('6hcbmshl8e2ojy55nswqec295glz8d0w','.eJxVjDsOwjAQBe_iGllJvP6Ekp4zWLvZNQ4gW4qTCnF3iJQC2jcz76UibmuOW5MlzqzOyhh1-h0Jp4eUnfAdy63qqZZ1mUnvij5o09fK8rwc7t9Bxpa_dW8CYbB-MGScJ-YRmIEACNFZb30H0rPYkBLwMACbMTiLQXxnJU2k3h8EvzhE:1vbxcE:YWU4_RwY8WNPvt4vAVD1Tq9wnsNJ6CrhlH2aH-FtPBk','2026-01-17 09:08:06.605413'),
('6j0j26hhvrnrohozr6ypm1lyihe3uj91','.eJxVjEEOwiAQRe_C2hBhQKYu3XsGMlMGqRpISrsy3l2bdKHb_977LxVpXUpcu8xxSuqswKrD78g0PqRuJN2p3poeW13mifWm6J12fW1Jnpfd_Tso1Mu3NoRH8BIMQPAnx0M2KBKsQ2ZvA1vKLvDgmYHAJCSghOgzZJMBSNT7A-95OAU:1vTGcz:ERGf_K6u3YGgRd722-aquT8TFHY4yZvhNpnl8Ao3A9I','2025-12-24 09:36:57.237824'),
('6l4caft4oc34us36ot1qa5papm6634ck','.eJxVjMEOwiAQRP-FsyFloWvx6N1vIMAuUjWQlPZk_HdL0oOeJjNvZt7C-W3Nbmu8uJnERcAoTr9h8PHJpRN6-HKvMtayLnOQvSIP2uStEr-uR_fvIPuW97Viy2iZaSKECAlAdQNABpVnhaOicyCTaFcwPAxoGNPEWls9AojPFx3fOA0:1vSuYu:2Quk-N-vPdDjgsYSj2U2xT6e3zw0SGgihMXpmSHTbbA','2025-12-23 10:03:16.489421'),
('6smf8t4t8vmywtbz5n3zygtev0tl76vr','.eJxVjDsOwjAQBe_iGln-rH-U9DmDtfY6OIAcKU4qxN1JpBTQzsx7bxZxW2vcelniROzKtGGXX5gwP0s7DD2w3Wee57YuU-JHwk_b-TBTed3O9u-gYq_7GiQAFVO0CCi19M7aMDqS6EdrkJRIXuRAoHYWQjIEYAEVamesKNmzzxfr0zdR:1vt2hm:BvEsD9Pd3Ut-lwadxgOlbcyPKbfpD8CWM08iRC2qm_s','2026-03-05 12:00:26.320146'),
('6t6flrl447y09gx4x5raoh9xn1d5blam','.eJxVjMEOwiAQRP-FsyFloWvx6N1vIMAuUjWQlPZk_HdL0oOeJjNvZt7C-W3Nbmu8uJnERcAoTr9h8PHJpRN6-HKvMtayLnOQvSIP2uStEr-uR_fvIPuW97Viy2iZaSKECAlAdQNABpVnhaOicyCTaFcwPAxoGNPEWls9AojPFx3fOA0:1vWXLv:T94UHE84qeqs8M7iOebKl35Q66_NvLdP6KS6m4viWes','2026-01-02 10:04:51.685614'),
('6wfelt5nu0hkweflyoz0novc88axot4d','.eJxVjMEOwiAQRP-FsyFloWvx6N1vIMAuUjWQlPZk_HdL0oOeJjNvZt7C-W3Nbmu8uJnERcAoTr9h8PHJpRN6-HKvMtayLnOQvSIP2uStEr-uR_fvIPuW97Viy2iZaSKECAlAdQNABpVnhaOicyCTaFcwPAxoGNPEWls9AojPFx3fOA0:1vSucU:q_puhQWRejAf3k-JgL2Ndt0g4b99sIVXRg0pCC0WZYM','2025-12-23 10:06:58.475600'),
('759u84mzueq0vr86ft1kigs5y0nuuoaw','.eJxVjDsOwjAQBe_iGllJvP6Ekp4zWLvZNQ4gW4qTCnF3iJQC2jcz76UibmuOW5MlzqzOyhh1-h0Jp4eUnfAdy63qqZZ1mUnvij5o09fK8rwc7t9Bxpa_dW8CYbB-MGScJ-YRmIEACNFZb30H0rPYkBLwMACbMTiLQXxnJU2k3h8EvzhE:1vZ4Xm:DxJxn9VM4hWkM7UwAMo2nHN8QYh5zJfYP8Ktsu4TaBo','2026-01-09 09:55:34.025559'),
('7dqsrwjofnric2rvyi8pfu14fza0vyq0','.eJxVjDsOwjAQBe_iGln-rH-U9DmDtfY6OIAcKU4qxN1JpBTQzsx7bxZxW2vcelniROzKtGGXX5gwP0s7DD2w3Wee57YuU-JHwk_b-TBTed3O9u-gYq_7GiQAFVO0CCi19M7aMDqS6EdrkJRIXuRAoHYWQjIEYAEVamesKNmzzxfr0zdR:1vZ1gQ:YkhQyq4yPB1NchBHA7OwDX-exNgd1cOPyzLiTnEMRBg','2026-01-09 06:52:18.710023'),
('7g5sw36f9g9s8ahkaqtt0vwtg559a0s3','.eJxVjDsOwjAQBe_iGln-rH-U9DmDtfY6OIAcKU4qxN1JpBTQzsx7bxZxW2vcelniROzKtGGXX5gwP0s7DD2w3Wee57YuU-JHwk_b-TBTed3O9u-gYq_7GiQAFVO0CCi19M7aMDqS6EdrkJRIXuRAoHYWQjIEYAEVamesKNmzzxfr0zdR:1vZ4WN:30CLMmXVitmZQC3gDBiUNdM9IzdNEONixv_yKJTLOqE','2026-01-09 09:54:07.675993'),
('7gxu7u1j9f6ffjvo1bb7vz5ogy29y2p8','.eJxVjMEOwiAQRP-FsyFloWvx6N1vIMAuUjWQlPZk_HdL0oOeJjNvZt7C-W3Nbmu8uJnERcAoTr9h8PHJpRN6-HKvMtayLnOQvSIP2uStEr-uR_fvIPuW97Viy2iZaSKECAlAdQNABpVnhaOicyCTaFcwPAxoGNPEWls9AojPFx3fOA0:1vSt3Z:7KqdOvZycPYL9NFRkj3JpecXxH7NlGndsO6Dmcn_91w','2025-12-23 08:26:49.631384'),
('7sytth64g5wyhd7a27lo69aa69t5s2sp','.eJxVjDsOwjAQBe_iGln-rH-U9DmDtfY6OIAcKU4qxN1JpBTQzsx7bxZxW2vcelniROzKtGGXX5gwP0s7DD2w3Wee57YuU-JHwk_b-TBTed3O9u-gYq_7GiQAFVO0CCi19M7aMDqS6EdrkJRIXuRAoHYWQjIEYAEVamesKNmzzxfr0zdR:1vt2Nk:eQyNk_AeDg2HlFkUjFjw6tY1W3vZfUrzNdLXcwWfgvg','2026-03-05 11:39:44.109147'),
('7y6bc7iqt1mpiiidlz0usdlttjjugjd4','.eJxVjEEOwiAQRe_C2hBgOoW6dN8zkIEBqRqalHZlvLtt0oVu_3vvv4WnbS1-a2nxE4urgF5cfsdA8ZnqQfhB9T7LONd1mYI8FHnSJseZ0-t2un8HhVrZa4wY7JCwj0jZaQguI7DqklagwRitQUW2ziIFldFmg4M1gYGN3cVOfL70bjdB:1vt2K6:jf1o-PQJa1tvyvjJI-n4BGSGnU0UpkPrQ7qiBjjvu5Q','2026-03-05 11:35:58.905311'),
('8lf9a6abxvtqmga3vmkdh1p7y2rgglwz','.eJxVjDsOwjAQBe_iGllJvP6Ekp4zWLvZNQ4gW4qTCnF3iJQC2jcz76UibmuOW5MlzqzOyhh1-h0Jp4eUnfAdy63qqZZ1mUnvij5o09fK8rwc7t9Bxpa_dW8CYbB-MGScJ-YRmIEACNFZb30H0rPYkBLwMACbMTiLQXxnJU2k3h8EvzhE:1vt2BI:AT_XJmH-BeFCFlrdhUtR66DgML99OjI34ICO4R-S8hw','2026-03-05 11:26:52.597319'),
('8tl6xldtpqvvvk3d6564v6e7lvm39lkc','.eJxVjDsOwjAQBe_iGlnCL_6Ekp4zWLteGwdQIsVJFXF3iJQC2jczb1OR1qXGteU5DqIuClCn35EpPfO4E3nQeJ90msZlHljvij5o07dJ8ut6uH8HlVr91t67khkdYCAonROH3sB4MS4T2VQ8gnBJ8AzppHAPH3AWyoHJWvX-AAW-OHM:1vupXe:vysx7t059CEngZ64jdMzkziwzT_Kp_nitWvxTjUvkE0','2026-03-10 10:21:22.079303'),
('8x1j5w5abxcdhcc7ug0xm9oh14sctf9t','.eJxVjDsOwjAQBe_iGlnCL_6Ekp4zWLteGwdQIsVJFXF3iJQC2jczb1OR1qXGteU5DqIuClCn35EpPfO4E3nQeJ90msZlHljvij5o07dJ8ut6uH8HlVr91t67khkdYCAonROH3sB4MS4T2VQ8gnBJ8AzppHAPH3AWyoHJWvX-AAW-OHM:1vupVU:EQeEjGudPTL36R23DN8URQiBb5E6O-Qo2B_lywka96k','2026-03-10 10:19:08.845499'),
('9078b7qwo0ixzr9lmoft545ssnd9swby','.eJxVjDsOwjAQBe_iGln-rH-U9DmDtfY6OIAcKU4qxN1JpBTQzsx7bxZxW2vcelniROzKtGGXX5gwP0s7DD2w3Wee57YuU-JHwk_b-TBTed3O9u-gYq_7GiQAFVO0CCi19M7aMDqS6EdrkJRIXuRAoHYWQjIEYAEVamesKNmzzxfr0zdR:1vwGgZ:FonAnXCfoYfy5X1IbA7afT92-0OuZgeJQX4RmzvVWck','2026-03-14 09:32:31.002421'),
('92yrlpj7cl3tj5iiys0ll23wyx26t71i','.eJxVjEEOgjAQRe_StWloC0zr0j1naGamg0VNSSisjHcXEha6_e-9_1YRtzXHrcoSp6SuyqrL70bITykHSA8s91nzXNZlIn0o-qRVD3OS1-10_w4y1rzXxnv2zrAABGuBmahBosQBbHAcnPSAbhTTQQO0y9aMPrQgXZ9saL36fAHj1TeV:1vJrMO:Hf3vcmxluORwVKCJQ04gEVFQyjusL5wL2hK-hDCKU3A','2025-11-28 10:48:56.569567'),
('93g71easp9mxyoo5xctnu636odl1mpqu','.eJxVjDsOwjAQBe_iGln-rH-U9DmDtfY6OIAcKU4qxN1JpBTQzsx7bxZxW2vcelniROzKtGGXX5gwP0s7DD2w3Wee57YuU-JHwk_b-TBTed3O9u-gYq_7GiQAFVO0CCi19M7aMDqS6EdrkJRIXuRAoHYWQjIEYAEVamesKNmzzxfr0zdR:1vt2Oa:XJLqjJJTdUoriBrZa17pG7UbX-YKrl4-KmUTE8f2lF0','2026-03-05 11:40:36.069227'),
('954xxwtxoofcqw8de96jwb79nyhlxe8l','.eJxVjEEOgjAQRe_StWloC0zr0j1naGamg0VNSSisjHcXEha6_e-9_1YRtzXHrcoSp6SuyqrL70bITykHSA8s91nzXNZlIn0o-qRVD3OS1-10_w4y1rzXxnv2zrAABGuBmahBosQBbHAcnPSAbhTTQQO0y9aMPrQgXZ9saL36fAHj1TeV:1vJrOs:ig8srgfAp5Iz386r5V-4qErc7xS1Iwy8CckurwX13Ps','2025-11-28 10:51:30.611878'),
('95x6knyyn0ea537saprgl1pry89zo0p6','.eJxVjDsOwjAQBe_iGllJvP6Ekp4zWLvZNQ4gW4qTCnF3iJQC2jcz76UibmuOW5MlzqzOyhh1-h0Jp4eUnfAdy63qqZZ1mUnvij5o09fK8rwc7t9Bxpa_dW8CYbB-MGScJ-YRmIEACNFZb30H0rPYkBLwMACbMTiLQXxnJU2k3h8EvzhE:1vZ4ky:f-txT9fk77rVjQP2zBROJLExDMgNIWR2AEWtFHKkfvQ','2026-01-09 10:09:12.025036'),
('98z6egqobnamhfj83tnz30c4zso0xbh1','.eJxVjDsOwjAQBe_iGlnCL_6Ekp4zWLteGwdQIsVJFXF3iJQC2jczb1OR1qXGteU5DqIuClCn35EpPfO4E3nQeJ90msZlHljvij5o07dJ8ut6uH8HlVr91t67khkdYCAonROH3sB4MS4T2VQ8gnBJ8AzppHAPH3AWyoHJWvX-AAW-OHM:1vvu4d:-NJpIXmvn2snOLcM1G7ykDikmcU-PfrgcTmIIwkZJio','2026-03-13 09:23:51.037633'),
('9ar9y4jikau0uhoe4j6vl2z5ntolkx2v','.eJxVjDsOwjAQBe_iGllJvP6Ekp4zWLvZNQ4gW4qTCnF3iJQC2jcz76UibmuOW5MlzqzOyhh1-h0Jp4eUnfAdy63qqZZ1mUnvij5o09fK8rwc7t9Bxpa_dW8CYbB-MGScJ-YRmIEACNFZb30H0rPYkBLwMACbMTiLQXxnJU2k3h8EvzhE:1vt2Bl:nEzqOZMlZTXJI1CG2a9h6fGBrQVvF2ywEEKsoXM6F00','2026-03-05 11:27:21.016156'),
('9jz86fddbzw7rz3p8yklem7ai4fjagiu','.eJxVjDsOwjAQBe_iGln-rH-U9DmDtfY6OIAcKU4qxN1JpBTQzsx7bxZxW2vcelniROzKtGGXX5gwP0s7DD2w3Wee57YuU-JHwk_b-TBTed3O9u-gYq_7GiQAFVO0CCi19M7aMDqS6EdrkJRIXuRAoHYWQjIEYAEVamesKNmzzxfr0zdR:1vt10o:WlJbvzt0TegiIgFACLpf-DRyA652i70pj_FGippF_s4','2026-03-05 10:11:58.138759'),
('9q0m7my8ezj15zndgn52asyl1ij81m2o','.eJxVjMEOwiAQRP-FsyFloWvx6N1vIMAuUjWQlPZk_HdL0oOeJjNvZt7C-W3Nbmu8uJnERcAoTr9h8PHJpRN6-HKvMtayLnOQvSIP2uStEr-uR_fvIPuW97Viy2iZaSKECAlAdQNABpVnhaOicyCTaFcwPAxoGNPEWls9AojPFx3fOA0:1vSvOX:BJAwc346LVnFBjUWpKA3yYZnHeEysfKw78yMJ1KBhSk','2025-12-23 10:56:37.439609'),
('9urizkbzj7r1n6mppahqvktfx9d77m0s','.eJxVjMEOwiAQRP-FsyFloWvx6N1vIMAuUjWQlPZk_HdL0oOeJjNvZt7C-W3Nbmu8uJnERcAoTr9h8PHJpRN6-HKvMtayLnOQvSIP2uStEr-uR_fvIPuW97Viy2iZaSKECAlAdQNABpVnhaOicyCTaFcwPAxoGNPEWls9AojPFx3fOA0:1vSvQu:8-ghxXat6yUCorNf7UIBHd3x6FsJ08GOp1eeLCF_QEg','2025-12-23 10:59:04.680571'),
('9wbrhifhj49fho13ko0kn69v75qaslwt','.eJxVjMEOwiAQRP-FsyFloWvx6N1vIMAuUjWQlPZk_HdL0oOeJjNvZt7C-W3Nbmu8uJnERcAoTr9h8PHJpRN6-HKvMtayLnOQvSIP2uStEr-uR_fvIPuW97Viy2iZaSKECAlAdQNABpVnhaOicyCTaFcwPAxoGNPEWls9AojPFx3fOA0:1vSs4i:kjVN9q8laWej_0HAF9XgS1nSsRM2R5pMT-N9CuBlXVM','2025-12-23 07:23:56.608543'),
('9wcoa4zq13f12tz972hkb05lcoaesnep','.eJxVjDsOwjAQBe_iGllJvP6Ekp4zWLvZNQ4gW4qTCnF3iJQC2jcz76UibmuOW5MlzqzOyhh1-h0Jp4eUnfAdy63qqZZ1mUnvij5o09fK8rwc7t9Bxpa_dW8CYbB-MGScJ-YRmIEACNFZb30H0rPYkBLwMACbMTiLQXxnJU2k3h8EvzhE:1vbZ5M:LWtqsxMoFXtkHwmP0Bzx0Ct_7zAnkSzuKb2fUHYk2Vg','2026-01-16 06:56:32.757922'),
('a2mamnpec0ka2v6ioycooi7l7e3grjz0','.eJxVjMEOwiAQRP-FsyFloWvx6N1vIMAuUjWQlPZk_HdL0oOeJjNvZt7C-W3Nbmu8uJnERcAoTr9h8PHJpRN6-HKvMtayLnOQvSIP2uStEr-uR_fvIPuW97Viy2iZaSKECAlAdQNABpVnhaOicyCTaFcwPAxoGNPEWls9AojPFx3fOA0:1vSucV:kPqQQjP1LHCX2X2TKtD0-zykG1ZowdsoFcrhbB9PhGw','2025-12-23 10:06:59.819244'),
('a8kz4emzsd5zp3qg13kd213h6mxmm0fk','.eJxVjDsOwjAQBe_iGln-rH-U9DmDtfY6OIAcKU4qxN1JpBTQzsx7bxZxW2vcelniROzKtGGXX5gwP0s7DD2w3Wee57YuU-JHwk_b-TBTed3O9u-gYq_7GiQAFVO0CCi19M7aMDqS6EdrkJRIXuRAoHYWQjIEYAEVamesKNmzzxfr0zdR:1vt2j1:0epsj2gSJkhKOF5bFHPS--x1krytPJ65k_Mrc3DadTk','2026-03-05 12:01:43.402892'),
('ahnj2tfzwslvcmcv1vnxbcrql5sfxdwk','.eJxVjDsOwjAQBe_iGlnCL_6Ekp4zWLteGwdQIsVJFXF3iJQC2jczb1OR1qXGteU5DqIuClCn35EpPfO4E3nQeJ90msZlHljvij5o07dJ8ut6uH8HlVr91t67khkdYCAonROH3sB4MS4T2VQ8gnBJ8AzppHAPH3AWyoHJWvX-AAW-OHM:1vy1Z1:S0CvC1RudCdjqA78S3rS7RBEUjHzJpvoQQxO2QA0v_Q','2026-03-19 05:47:59.461456'),
('amtq0htmkendbulubr2iyws3sprv2pt0','.eJxVjDsOwyAQRO9CHaHlYz4p0_sMaGFxcBJhydhVlLsHSy6SaqR5b-bNAu5bCXvLa5iJXZlgl98uYnrmegB6YL0vPC11W-fID4WftPFxofy6ne7fQcFW-lo7pyyKOAjlLVg0IA1JA2AFaEPOkdI2WQUyqwFT12gCT36SPSNk9vkCmmc2pA:1vMPUT:hvtr86xCdrxe2ypq4P1c0lOEfXny4WitT0DVkwuq0j4','2025-12-05 11:39:49.804952'),
('anejf9b9oa6tg0eseb0evrh05cu4jlxb','.eJxVjDsOwjAQBe_iGlnCL_6Ekp4zWLteGwdQIsVJFXF3iJQC2jczb1OR1qXGteU5DqIuClCn35EpPfO4E3nQeJ90msZlHljvij5o07dJ8ut6uH8HlVr91t67khkdYCAonROH3sB4MS4T2VQ8gnBJ8AzppHAPH3AWyoHJWvX-AAW-OHM:1vulyo:R8N1wJcB5QeZeidnsotEknLPmJeKi9N-FGTXstpU6aY','2026-03-10 06:33:10.173211'),
('axthur8309ev0plerc0nyn8f89zjtip7','.eJxVjDsOwjAQBe_iGln4F7yU9JzBWu-uSQDZUpxUiLtDpBTQvpl5L5VwXca0dpnTxOqsnFWH3zEjPaRuhO9Yb01Tq8s8Zb0peqddXxvL87K7fwcj9vFbA50gyEAlkzcSIotHYxkNAx9ZwFG0wXgv1pJB8MNAEHMuQs5xEVDvDyaWOQU:1vTIE2:oA3kyAVb_6PJOhtRT1qqP4lAVrtXEd6Dtix68qUmBz4','2025-12-24 11:19:18.736941'),
('b0fz2mtk4qeex25t0oly20ia6s4tnxiu','.eJxVjDsOwjAQBe_iGllJvP6Ekp4zWLvZNQ4gW4qTCnF3iJQC2jcz76UibmuOW5MlzqzOyhh1-h0Jp4eUnfAdy63qqZZ1mUnvij5o09fK8rwc7t9Bxpa_dW8CYbB-MGScJ-YRmIEACNFZb30H0rPYkBLwMACbMTiLQXxnJU2k3h8EvzhE:1vt2AP:fVVW3GV93wpmP6MoAbygQ3dt0iWW9jQPEA-d2gnT_Vk','2026-03-05 11:25:57.591671'),
('b4yypleff2p42xvdds3u2prtzm3htd7j','.eJxVjMEOwiAQRP-FsyFloWvx6N1vIMAuUjWQlPZk_HdL0oOeJjNvZt7C-W3Nbmu8uJnERcAoTr9h8PHJpRN6-HKvMtayLnOQvSIP2uStEr-uR_fvIPuW97Viy2iZaSKECAlAdQNABpVnhaOicyCTaFcwPAxoGNPEWls9AojPFx3fOA0:1vMOjq:0wxXRzKDLfnsUOfDDQs5UJhV9qf0k0LPBkJ4rrGQsTo','2025-12-05 10:51:38.247028'),
('b6y268vdrj01eydvqxnurizx7rlivvn4','.eJxVjDsOwjAQBe_iGllJvP6Ekp4zWLvZNQ4gW4qTCnF3iJQC2jcz76UibmuOW5MlzqzOyhh1-h0Jp4eUnfAdy63qqZZ1mUnvij5o09fK8rwc7t9Bxpa_dW8CYbB-MGScJ-YRmIEACNFZb30H0rPYkBLwMACbMTiLQXxnJU2k3h8EvzhE:1vZ4Q1:VdQ1uvqPGURgiK0_CR4QbAUAkwouqrYOsMI9731A3C4','2026-01-09 09:47:33.726808'),
('b8nrgilytl00t4ybagvvmzs0dfeu5opn','.eJxVjMEOwiAQRP-FsyFloWvx6N1vIMAuUjWQlPZk_HdL0oOeJjNvZt7C-W3Nbmu8uJnERcAoTr9h8PHJpRN6-HKvMtayLnOQvSIP2uStEr-uR_fvIPuW97Viy2iZaSKECAlAdQNABpVnhaOicyCTaFcwPAxoGNPEWls9AojPFx3fOA0:1vWTqV:xz40fuYPrRU__J2GfumuSmiMqyOd4je3vVpl4kNJtyU','2026-01-02 06:20:11.992908'),
('b9fw3kbiu2su20m569iujy8oj2a1eswe','.eJxVjDsOwjAQBe_iGln-rH-U9DmDtfY6OIAcKU4qxN1JpBTQzsx7bxZxW2vcelniROzKtGGXX5gwP0s7DD2w3Wee57YuU-JHwk_b-TBTed3O9u-gYq_7GiQAFVO0CCi19M7aMDqS6EdrkJRIXuRAoHYWQjIEYAEVamesKNmzzxfr0zdR:1vt10o:WlJbvzt0TegiIgFACLpf-DRyA652i70pj_FGippF_s4','2026-03-05 10:11:58.265677'),
('becny5vpvige82infj2u5tke89gcxslx','.eJxVjDsOwjAQBe_iGllJvP6Ekp4zWLvZNQ4gW4qTCnF3iJQC2jcz76UibmuOW5MlzqzOyhh1-h0Jp4eUnfAdy63qqZZ1mUnvij5o09fK8rwc7t9Bxpa_dW8CYbB-MGScJ-YRmIEACNFZb30H0rPYkBLwMACbMTiLQXxnJU2k3h8EvzhE:1vbYbx:K5cpUgkZDVy3p4r9uW-3WkrkDEmzHD5hDgToOUUUKUQ','2026-01-16 06:26:09.298522'),
('bjo9nxmxvkaw4f5g1kxbpnz62l9l2d2k','.eJxVjDsOwjAQBe_iGlnCL_6Ekp4zWLteGwdQIsVJFXF3iJQC2jczb1OR1qXGteU5DqIuClCn35EpPfO4E3nQeJ90msZlHljvij5o07dJ8ut6uH8HlVr91t67khkdYCAonROH3sB4MS4T2VQ8gnBJ8AzppHAPH3AWyoHJWvX-AAW-OHM:1vtlGb:0BVV-HRtioubjFH89nlLl4wXA4LL00P9XFa0Bvkp0xA','2026-03-07 11:35:21.854239'),
('bmd8m9w9ea7iwuhq38oyjm6gbhntwc59','.eJxVjDsOwjAQBe_iGln-rH-U9DmDtfY6OIAcKU4qxN1JpBTQzsx7bxZxW2vcelniROzKtGGXX5gwP0s7DD2w3Wee57YuU-JHwk_b-TBTed3O9u-gYq_7GiQAFVO0CCi19M7aMDqS6EdrkJRIXuRAoHYWQjIEYAEVamesKNmzzxfr0zdR:1vZ55R:UP4qvbp9rnmV851GFwzXQ80jH76KCh1bc6zCGrQD2L8','2026-01-09 10:30:21.264077'),
('bqh4yayif21aoret6yyaz8xxy2ztv5dg','.eJxVjEEOwiAQRe_C2hBgOoW6dN8zkIEBqRqalHZlvLtt0oVu_3vvv4WnbS1-a2nxE4urgF5cfsdA8ZnqQfhB9T7LONd1mYI8FHnSJseZ0-t2un8HhVrZa4wY7JCwj0jZaQguI7DqklagwRitQUW2ziIFldFmg4M1gYGN3cVOfL70bjdB:1vt2Jx:peRJrROdUauh10OQvdkDSOsim4Qi8gNoFBDcf9krU7w','2026-03-05 11:35:49.691824'),
('bsiks3ndntgqbt5fmm0o3ksqm7baoxu0','.eJxVjMsOwiAQRf-FtSE8Oh1w6d5vIMCAVA0kpV0Z_11JutDtPefcF3N-34rbe1rdQuzMtGan3zH4-Eh1ELr7ems8trqtS-BD4Qft_NooPS-H-3dQfC-jni0oFMIqxGSDUV7PFD0Fi1GCzSnTBCJnhPT1JKAyAVGjtBOQBsPeH_djN0E:1vZ0bN:8N7FuBfpll5qeRWyJoXAkJnS5QGBAJSpwgYDruvlqoc','2026-01-09 05:43:01.553993'),
('bzwbwxhu7mr82kuvzb71z9gkj72je26g','.eJxVjDsOwjAQBe_iGllJvP6Ekp4zWLvZNQ4gW4qTCnF3iJQC2jcz76UibmuOW5MlzqzOyhh1-h0Jp4eUnfAdy63qqZZ1mUnvij5o09fK8rwc7t9Bxpa_dW8CYbB-MGScJ-YRmIEACNFZb30H0rPYkBLwMACbMTiLQXxnJU2k3h8EvzhE:1vbaNF:JKs6TsJn4e4j0FGVjMuSUn2odvCyJvaAfSJVMD2Gxxc','2026-01-16 08:19:05.658252'),
('cnchhl7lxrmhp4x45lzhm3t7e6qopxc3','.eJxVjDsOwjAQBe_iGlnCL_6Ekp4zWLteGwdQIsVJFXF3iJQC2jczb1OR1qXGteU5DqIuClCn35EpPfO4E3nQeJ90msZlHljvij5o07dJ8ut6uH8HlVr91t67khkdYCAonROH3sB4MS4T2VQ8gnBJ8AzppHAPH3AWyoHJWvX-AAW-OHM:1vwFxQ:Gn9muiJDFbUVRPPWZhs87QwX0_TsBtszBUJwGxfa68M','2026-03-14 08:45:52.424842'),
('cw4qq1mbw76cpz9fvynlmm4tcw2w59ft','.eJxVjDsOwjAQBe_iGlnCL_6Ekp4zWLteGwdQIsVJFXF3iJQC2jczb1OR1qXGteU5DqIuClCn35EpPfO4E3nQeJ90msZlHljvij5o07dJ8ut6uH8HlVr91t67khkdYCAonROH3sB4MS4T2VQ8gnBJ8AzppHAPH3AWyoHJWvX-AAW-OHM:1vtkL5:UutzCD1jBRVg27D8MdF2TG23n6EJTjWJMSEEExzM1pQ','2026-03-07 10:35:55.734376'),
('cyfv9n6yucobi5d3geke7o2f96pw1qm1','.eJxVjMEOwiAQBf-FsyHAAgWP3vsNBJZFqoYmpT0Z_9026UGvb2bem4W4rTVsnZYwZXZlAOzyO6aIT2oHyY_Y7jPHua3LlPih8JN2Ps6ZXrfT_Tuosde9jqakguDQaCGNsZSSzNJLI5AcKe0AvJeDHayibEgrEIi27FkGRxrY5wsGUjfc:1vtjR4:Hynk_qxUMjBnre9O8EHMYEO8QfGA2rVI3Ts8gW5rwPE','2026-03-07 09:38:02.167351'),
('d1sa2m6ckfrpsktgmb3nqaocemlywlmy','.eJxVjDsOwjAQBe_iGln-rH-U9DmDtfY6OIAcKU4qxN1JpBTQzsx7bxZxW2vcelniROzKtGGXX5gwP0s7DD2w3Wee57YuU-JHwk_b-TBTed3O9u-gYq_7GiQAFVO0CCi19M7aMDqS6EdrkJRIXuRAoHYWQjIEYAEVamesKNmzzxfr0zdR:1vt2hM:jbfBUQeI8keHC6H3jxj5fmC_9dtchldN9SM4Qy503QY','2026-03-05 12:00:00.700522'),
('dkdl8w06xu4af2xe05ic2kabpsv8opn2','.eJxVjDsOwyAQRO9CHaHlYz4p0_sMaGFxcBJhydhVlLsHSy6SaqR5b-bNAu5bCXvLa5iJXZlgl98uYnrmegB6YL0vPC11W-fID4WftPFxofy6ne7fQcFW-lo7pyyKOAjlLVg0IA1JA2AFaEPOkdI2WQUyqwFT12gCT36SPSNk9vkCmmc2pA:1vcL19:JQ_os30iBaXRd2dRyt7TK2rESUfyrvT0RRRt4KZHLmA','2026-01-18 10:07:23.622403'),
('dt37fw1liifxfgg7y0py7t60ifrdkspa','.eJxVjDsOwjAQBe_iGln-rH-U9DmDtfY6OIAcKU4qxN1JpBTQzsx7bxZxW2vcelniROzKtGGXX5gwP0s7DD2w3Wee57YuU-JHwk_b-TBTed3O9u-gYq_7GiQAFVO0CCi19M7aMDqS6EdrkJRIXuRAoHYWQjIEYAEVamesKNmzzxfr0zdR:1vy65K:ln5lJy0VWJluO6ziczfRnAAED0R3Clr2RBTe5jN6HFM','2026-03-19 10:37:38.805735'),
('dui32b9l6ndyoeiccktjtaw9alujty1v','.eJxVjDsOwjAQBe_iGlnCL_6Ekp4zWLteGwdQIsVJFXF3iJQC2jczb1OR1qXGteU5DqIuClCn35EpPfO4E3nQeJ90msZlHljvij5o07dJ8ut6uH8HlVr91t67khkdYCAonROH3sB4MS4T2VQ8gnBJ8AzppHAPH3AWyoHJWvX-AAW-OHM:1vukyQ:maLWVnhx-BgqcbTkBkuJJ4pvwOiyp0CzO57x8iJLzMQ','2026-03-10 05:28:42.719790'),
('e6vk5lpsns8p45crobnihq480fvccds7','.eJxVjEEOgjAQRe_StWloC0zr0j1naGamg0VNSSisjHcXEha6_e-9_1YRtzXHrcoSp6SuyqrL70bITykHSA8s91nzXNZlIn0o-qRVD3OS1-10_w4y1rzXxnv2zrAABGuBmahBosQBbHAcnPSAbhTTQQO0y9aMPrQgXZ9saL36fAHj1TeV:1vJrRx:Hg-gX-Ty3L_uq5-Sw5onh35F32A2fpCi0vNLt7sDRhU','2025-11-28 10:54:41.010679'),
('eav09op2ta87ibfpc2iilfz25037671f','.eJxVjEEOgjAQRe_StWloC0zr0j1naGamg0VNSSisjHcXEha6_e-9_1YRtzXHrcoSp6SuyqrL70bITykHSA8s91nzXNZlIn0o-qRVD3OS1-10_w4y1rzXxnv2zrAABGuBmahBosQBbHAcnPSAbhTTQQO0y9aMPrQgXZ9saL36fAHj1TeV:1vJrOj:YEMB80auene2HPObm2_uBi8SFFUnVVCp0dd4DskUNkY','2025-11-28 10:51:21.428033'),
('ejdje8sjr0ixqfox2umtbxffhw694r8f','.eJxVjDsOwyAQRO9CHaHlYz4p0_sMaGFxcBJhydhVlLsHSy6SaqR5b-bNAu5bCXvLa5iJXZlgl98uYnrmegB6YL0vPC11W-fID4WftPFxofy6ne7fQcFW-lo7pyyKOAjlLVg0IA1JA2AFaEPOkdI2WQUyqwFT12gCT36SPSNk9vkCmmc2pA:1vy68v:8vgz2DMH_fPFECHB-ygaCer2ltVPd-hzsBlvka65CuQ','2026-03-19 10:41:21.857787'),
('elzvnjvi941mg7db3pe0kal15osjf8bg','.eJxVjDsOwjAQBe_iGln-rH-U9DmDtfY6OIAcKU4qxN1JpBTQzsx7bxZxW2vcelniROzKtGGXX5gwP0s7DD2w3Wee57YuU-JHwk_b-TBTed3O9u-gYq_7GiQAFVO0CCi19M7aMDqS6EdrkJRIXuRAoHYWQjIEYAEVamesKNmzzxfr0zdR:1vt2w1:usmHYCYFiAznbm1TpWvCKOzN9Hgaa6kih18_45WMPLg','2026-03-05 12:15:09.561596'),
('f0pepk0tp2cmu48uosbm73a7szzllc31','.eJxVjDsOwjAQBe_iGllJvP6Ekp4zWLvZNQ4gW4qTCnF3iJQC2jcz76UibmuOW5MlzqzOyhh1-h0Jp4eUnfAdy63qqZZ1mUnvij5o09fK8rwc7t9Bxpa_dW8CYbB-MGScJ-YRmIEACNFZb30H0rPYkBLwMACbMTiLQXxnJU2k3h8EvzhE:1vt2A3:YRtIvBKgE_rOjShSWctjRa1h_wZOp4sLvGJkvnzpo1M','2026-03-05 11:25:35.693159'),
('f321egjcf3ar7kvojkqucg9c7bm9udlp','.eJxVjDsOwjAQBe_iGlnCL_6Ekp4zWLteGwdQIsVJFXF3iJQC2jczb1OR1qXGteU5DqIuClCn35EpPfO4E3nQeJ90msZlHljvij5o07dJ8ut6uH8HlVr91t67khkdYCAonROH3sB4MS4T2VQ8gnBJ8AzppHAPH3AWyoHJWvX-AAW-OHM:1vwGl3:EZPJEgzqkF8s0gMh6NTm4_SJGgVF8g5rGyONOnqaVTU','2026-03-14 09:37:09.985433'),
('f7807tpdehh9vfdxshm3jx6hutb7y7bl','.eJxVjDsOwjAQBe_iGllJvP6Ekp4zWLvZNQ4gW4qTCnF3iJQC2jcz76UibmuOW5MlzqzOyhh1-h0Jp4eUnfAdy63qqZZ1mUnvij5o09fK8rwc7t9Bxpa_dW8CYbB-MGScJ-YRmIEACNFZb30H0rPYkBLwMACbMTiLQXxnJU2k3h8EvzhE:1vZ57W:my7tU-3MSBanOktTOZa6OKtCJR9qiTSmWQaaGf_UAks','2026-01-09 10:32:30.665511'),
('f85170lhjbtqqjvqlxq5tiitrn6awu4p','.eJxVjDsOwjAQBe_iGlnCL_6Ekp4zWLteGwdQIsVJFXF3iJQC2jczb1OR1qXGteU5DqIuClCn35EpPfO4E3nQeJ90msZlHljvij5o07dJ8ut6uH8HlVr91t67khkdYCAonROH3sB4MS4T2VQ8gnBJ8AzppHAPH3AWyoHJWvX-AAW-OHM:1vvwP6:mMvtQXQrFENANXh0gOCbMS4nSQKjNOfa6UnmFRStQwk','2026-03-13 11:53:08.191169'),
('fae48xeb3z2d2et05sxphsnt5679s2wk','.eJxVjDsOwjAQBe_iGln-rH-U9DmDtfY6OIAcKU4qxN1JpBTQzsx7bxZxW2vcelniROzKtGGXX5gwP0s7DD2w3Wee57YuU-JHwk_b-TBTed3O9u-gYq_7GiQAFVO0CCi19M7aMDqS6EdrkJRIXuRAoHYWQjIEYAEVamesKNmzzxfr0zdR:1vy4Lr:JdZcSdrs6eodP7mSAfItyHiLhI-59Gr0bdHFojH2ilw','2026-03-19 08:46:35.934497'),
('fcr0m5brgecb801zrhfuomxkve94xq5e','.eJxVjEEOwiAQRe_C2hBhQKYu3XsGMlMGqRpISrsy3l2bdKHb_977LxVpXUpcu8xxSuqswKrD78g0PqRuJN2p3poeW13mifWm6J12fW1Jnpfd_Tso1Mu3NoRH8BIMQPAnx0M2KBKsQ2ZvA1vKLvDgmYHAJCSghOgzZJMBSNT7A-95OAU:1vTGNl:u4ogOCxj46Qd4JYNjWVrVNk5oHfGWexsQOdEW1evKoo','2025-12-24 09:21:13.743469'),
('fhqysrmhsahlf04858x9192mob3wpll2','.eJxVjDsOwjAQBe_iGllJvP6Ekp4zWLvZNQ4gW4qTCnF3iJQC2jcz76UibmuOW5MlzqzOyhh1-h0Jp4eUnfAdy63qqZZ1mUnvij5o09fK8rwc7t9Bxpa_dW8CYbB-MGScJ-YRmIEACNFZb30H0rPYkBLwMACbMTiLQXxnJU2k3h8EvzhE:1vt2AE:nInQNbD61VdEw8ZzybferAshXxoTQspNC8k1XD0-FhM','2026-03-05 11:25:46.075136'),
('fo5zhssppzk3ae2rvaeqonnkqkw8rgt5','.eJxVjDsOwjAQBe_iGlnCL_6Ekp4zWLteGwdQIsVJFXF3iJQC2jczb1OR1qXGteU5DqIuClCn35EpPfO4E3nQeJ90msZlHljvij5o07dJ8ut6uH8HlVr91t67khkdYCAonROH3sB4MS4T2VQ8gnBJ8AzppHAPH3AWyoHJWvX-AAW-OHM:1vtknC:BgfXMWAZaycJuy6qqnvq6PkhD3JXN8vXDVlEo_-4lbw','2026-03-07 11:04:58.333397'),
('ftlboky5ywecbagot1pvkap1522q3vos','.eJxVjMEOwiAQRP-FsyFloWvx6N1vIMAuUjWQlPZk_HdL0oOeJjNvZt7C-W3Nbmu8uJnERcAoTr9h8PHJpRN6-HKvMtayLnOQvSIP2uStEr-uR_fvIPuW97Viy2iZaSKECAlAdQNABpVnhaOicyCTaFcwPAxoGNPEWls9AojPFx3fOA0:1vSu6X:XzpuL336xRwxgKMuvvmpptrrPSY9bDGnHIxJrupbOCs','2025-12-23 09:33:57.325937'),
('fwjhz7blbq9n17r16m5izwkurlb0sqiu','.eJxVjEEOgjAQRe_StWloC0zr0j1naGamg0VNSSisjHcXEha6_e-9_1YRtzXHrcoSp6SuyqrL70bITykHSA8s91nzXNZlIn0o-qRVD3OS1-10_w4y1rzXxnv2zrAABGuBmahBosQBbHAcnPSAbhTTQQO0y9aMPrQgXZ9saL36fAHj1TeV:1vWTuG:eZUq5GGBQK-pH6rDU7XlIBjb7MV3u-ZpHjMDDlscsSI','2026-01-02 06:24:04.540468'),
('g0vp1m9blwrxtq2j6h4z5kpzpbxdpfez','.eJxVjDsOwjAQBe_iGln-rH-U9DmDtfY6OIAcKU4qxN1JpBTQzsx7bxZxW2vcelniROzKtGGXX5gwP0s7DD2w3Wee57YuU-JHwk_b-TBTed3O9u-gYq_7GiQAFVO0CCi19M7aMDqS6EdrkJRIXuRAoHYWQjIEYAEVamesKNmzzxfr0zdR:1vt29q:PNaAORQEH2pJvpMjy-J4yjNCM5SY2xGbiuUpOTME2_g','2026-03-05 11:25:22.256585'),
('gboinh1zj1240k3ovd7dgzs8qss7xsdw','.eJxVjDsOwjAQBe_iGln-rH-U9DmDtfY6OIAcKU4qxN1JpBTQzsx7bxZxW2vcelniROzKtGGXX5gwP0s7DD2w3Wee57YuU-JHwk_b-TBTed3O9u-gYq_7GiQAFVO0CCi19M7aMDqS6EdrkJRIXuRAoHYWQjIEYAEVamesKNmzzxfr0zdR:1vuqTU:0MgY-9eoSUEz7rFsuUIvocVK0KrIAQ5VBS2XQerhkRE','2026-03-10 11:21:08.935749'),
('gg3y694ud8hxe4tphgs40x18rq5qlefu','.eJxVjDsOwjAQBe_iGllJvP6Ekp4zWLvZNQ4gW4qTCnF3iJQC2jcz76UibmuOW5MlzqzOyhh1-h0Jp4eUnfAdy63qqZZ1mUnvij5o09fK8rwc7t9Bxpa_dW8CYbB-MGScJ-YRmIEACNFZb30H0rPYkBLwMACbMTiLQXxnJU2k3h8EvzhE:1vZ18I:mxELVTb_gvJf_8Tp8BFJ8Tf33KgyAg1hQILcSsDpFQY','2026-01-09 06:17:02.523158'),
('gjx8tvs2fu3s2ajqfx3fuso6j03es2g1','.eJxVjDsOwjAQBe_iGlnCL_6Ekp4zWLteGwdQIsVJFXF3iJQC2jczb1OR1qXGteU5DqIuClCn35EpPfO4E3nQeJ90msZlHljvij5o07dJ8ut6uH8HlVr91t67khkdYCAonROH3sB4MS4T2VQ8gnBJ8AzppHAPH3AWyoHJWvX-AAW-OHM:1vwG4y:umHki53eSLz5uW7HU-__TFHuVnvC2e69_-q03KQUPTw','2026-03-14 08:53:40.357785'),
('glnjp2eot3gmwe62y5zvlamkgjxbo5v8','.eJxVjMEOwiAQRP-FsyFloWvx6N1vIMAuUjWQlPZk_HdL0oOeJjNvZt7C-W3Nbmu8uJnERcAoTr9h8PHJpRN6-HKvMtayLnOQvSIP2uStEr-uR_fvIPuW97Viy2iZaSKECAlAdQNABpVnhaOicyCTaFcwPAxoGNPEWls9AojPFx3fOA0:1vWTqg:XFENDzidPZx0nlBsoYFRdk57bSODdJtfJ7CPRdV1XAA','2026-01-02 06:20:22.902651'),
('gpkkgxfdokmoy1m7xrbdqm28mqznei1i','.eJxVjDsOwjAQBe_iGlnCL_6Ekp4zWLteGwdQIsVJFXF3iJQC2jczb1OR1qXGteU5DqIuClCn35EpPfO4E3nQeJ90msZlHljvij5o07dJ8ut6uH8HlVr91t67khkdYCAonROH3sB4MS4T2VQ8gnBJ8AzppHAPH3AWyoHJWvX-AAW-OHM:1vtkYQ:aVYDtlfMBRSAofrwqBRVcoIpNF3ICGBYejCcGrLEiSo','2026-03-07 10:49:42.138800'),
('guopxmks0jfwx4psw9uzrkwro8ow7f99','.eJxVjDsOwyAQRO9CHaHlYz4p0_sMaGFxcBJhydhVlLsHSy6SaqR5b-bNAu5bCXvLa5iJXZlgl98uYnrmegB6YL0vPC11W-fID4WftPFxofy6ne7fQcFW-lo7pyyKOAjlLVg0IA1JA2AFaEPOkdI2WQUyqwFT12gCT36SPSNk9vkCmmc2pA:1vcLSV:8GrUL8A_2CKjR1fb14go3UODA8ic1OVJ_BD5w-6j7rw','2026-01-18 10:35:39.260348'),
('hap3hf6vpz4jm9gi8dvnuuv7l9nxbvxl','.eJxVjDsOwjAQBe_iGln-rH-U9DmDtfY6OIAcKU4qxN1JpBTQzsx7bxZxW2vcelniROzKtGGXX5gwP0s7DD2w3Wee57YuU-JHwk_b-TBTed3O9u-gYq_7GiQAFVO0CCi19M7aMDqS6EdrkJRIXuRAoHYWQjIEYAEVamesKNmzzxfr0zdR:1vt10o:WlJbvzt0TegiIgFACLpf-DRyA652i70pj_FGippF_s4','2026-03-05 10:11:58.323953'),
('hcrw1uhu3rrdfeti1r5ik8a09esxb648','.eJxVjMEOwiAQRP-FsyFloWvx6N1vIMAuUjWQlPZk_HdL0oOeJjNvZt7C-W3Nbmu8uJnERcAoTr9h8PHJpRN6-HKvMtayLnOQvSIP2uStEr-uR_fvIPuW97Viy2iZaSKECAlAdQNABpVnhaOicyCTaFcwPAxoGNPEWls9AojPFx3fOA0:1vSuXe:Lm2X1dKCPu-403xj4DPuNuOx6l9xGY4xNXThXXx95ik','2025-12-23 10:01:58.508248'),
('hjayit5plr6szks005hopidc85yfypbs','.eJxVjMEOwiAQRP-FsyFloWvx6N1vIMAuUjWQlPZk_HdL0oOeJjNvZt7C-W3Nbmu8uJnERcAoTr9h8PHJpRN6-HKvMtayLnOQvSIP2uStEr-uR_fvIPuW97Viy2iZaSKECAlAdQNABpVnhaOicyCTaFcwPAxoGNPEWls9AojPFx3fOA0:1vTEGq:zDaNUM6H9DWg57EZwOFtpZ2TpHB2MpSme4wC6Ux8fJE','2025-12-24 07:05:56.305427'),
('i9zmji7k2dpeica3yvz3z8g5i16ust50','.eJxVjDsOwjAQBe_iGlnCL_6Ekp4zWLteGwdQIsVJFXF3iJQC2jczb1OR1qXGteU5DqIuClCn35EpPfO4E3nQeJ90msZlHljvij5o07dJ8ut6uH8HlVr91t67khkdYCAonROH3sB4MS4T2VQ8gnBJ8AzppHAPH3AWyoHJWvX-AAW-OHM:1vwGbx:xqYX_XhrNSU2EZdOm66nTLzViQhMPxxg5pkJEGou_qA','2026-03-14 09:27:45.514774'),
('iaq6b9l9ugx2ti3zjkdxs4ywt6mtqplu','.eJxVjDsOwjAQBe_iGllJvP6Ekp4zWLvZNQ4gW4qTCnF3iJQC2jcz76UibmuOW5MlzqzOyhh1-h0Jp4eUnfAdy63qqZZ1mUnvij5o09fK8rwc7t9Bxpa_dW8CYbB-MGScJ-YRmIEACNFZb30H0rPYkBLwMACbMTiLQXxnJU2k3h8EvzhE:1vbxOs:OkVWrbqWJf9HsgMUCenrKzOHtLHzPLdhFbYC3fhfou8','2026-01-17 08:54:18.750024'),
('ic6faqp27iq4whpdamrl622e1etu6ra7','.eJxVjDsOwjAQBe_iGllJvP6Ekp4zWLvZNQ4gW4qTCnF3iJQC2jcz76UibmuOW5MlzqzOyhh1-h0Jp4eUnfAdy63qqZZ1mUnvij5o09fK8rwc7t9Bxpa_dW8CYbB-MGScJ-YRmIEACNFZb30H0rPYkBLwMACbMTiLQXxnJU2k3h8EvzhE:1vcLkC:yEqNVL7xZbddvrRWlx3BSJNBkgiVkJgd0QJDOF0MCZA','2026-01-18 10:53:56.711539'),
('id04zaged16zit7hj87c1ytzwtkjdqmd','.eJxVjDsOwjAQBe_iGlnCL_6Ekp4zWLteGwdQIsVJFXF3iJQC2jczb1OR1qXGteU5DqIuClCn35EpPfO4E3nQeJ90msZlHljvij5o07dJ8ut6uH8HlVr91t67khkdYCAonROH3sB4MS4T2VQ8gnBJ8AzppHAPH3AWyoHJWvX-AAW-OHM:1vwGju:7to5yukXaeItakHofIoAPFEYC2jmHjrRaYQvyYqcRkY','2026-03-14 09:35:58.176340'),
('ih61q5po55bzalnpn65o8brwbylg5qwv','.eJxVjDsOwjAQBe_iGln-rH-U9DmDtfY6OIAcKU4qxN1JpBTQzsx7bxZxW2vcelniROzKtGGXX5gwP0s7DD2w3Wee57YuU-JHwk_b-TBTed3O9u-gYq_7GiQAFVO0CCi19M7aMDqS6EdrkJRIXuRAoHYWQjIEYAEVamesKNmzzxfr0zdR:1vthYT:L0WSvzjc95N2JweLAIS5I2XyRXNTKn00URifgiv65Ok','2026-03-07 07:37:33.344370'),
('ikul4f19spymnzzj931lez9k1tnlp2gd','.eJxVjEEOgjAQRe_StWloC0zr0j1naGamg0VNSSisjHcXEha6_e-9_1YRtzXHrcoSp6SuyqrL70bITykHSA8s91nzXNZlIn0o-qRVD3OS1-10_w4y1rzXxnv2zrAABGuBmahBosQBbHAcnPSAbhTTQQO0y9aMPrQgXZ9saL36fAHj1TeV:1vJrRZ:TAcOkXLYZtsWMB5ObOY0I4qmhTRaIc9zMvRtFx30eVI','2025-11-28 10:54:17.287760'),
('ip8eubffn11md37rslrv4ccgxgsudmb9','.eJxVjDsOwjAQBe_iGllJvP6Ekp4zWLvZNQ4gW4qTCnF3iJQC2jcz76UibmuOW5MlzqzOyhh1-h0Jp4eUnfAdy63qqZZ1mUnvij5o09fK8rwc7t9Bxpa_dW8CYbB-MGScJ-YRmIEACNFZb30H0rPYkBLwMACbMTiLQXxnJU2k3h8EvzhE:1vZ4YY:kOqoXsG0HaQy3h6XXuF9jHX_AtcAZd1teDDXzm6UW4Q','2026-01-09 09:56:22.433078'),
('ipx40cbih3spwbylbr1kzia39pp64gvg','.eJxVjEEOwiAQRe_C2hAKDENduvcMhGGoVA0kpV0Z765NutDtf-_9lwhxW0vYel7CzOIsNIjT70gxPXLdCd9jvTWZWl2XmeSuyIN2eW2cn5fD_TsosZdvTcpQssmMGRGZJ_JRo0VrUwYAmpiBvcYheWdUJnTORMeDZo-jVQbE-wMazzfo:1vMOil:JQpyGsOWou5kAwZGjt9UNUt5gLLSugoJ4F6YgYoKmqg','2025-12-05 10:50:31.768758'),
('iror19wfzu49dtgkeenxskffjgcpdq2g','.eJxVjDsOwjAQBe_iGlnCL_6Ekp4zWLteGwdQIsVJFXF3iJQC2jczb1OR1qXGteU5DqIuClCn35EpPfO4E3nQeJ90msZlHljvij5o07dJ8ut6uH8HlVr91t67khkdYCAonROH3sB4MS4T2VQ8gnBJ8AzppHAPH3AWyoHJWvX-AAW-OHM:1vtjsf:sF2Sre94ZOdIwlUzK4dSmt0gJuctuXU1G9UFrDby-tU','2026-03-07 10:06:33.331239'),
('ixwb4w4ody6b767sv9kuyalrfhccptzu','.eJxVjDsOwjAQBe_iGln-rH-U9DmDtfY6OIAcKU4qxN1JpBTQzsx7bxZxW2vcelniROzKtGGXX5gwP0s7DD2w3Wee57YuU-JHwk_b-TBTed3O9u-gYq_7GiQAFVO0CCi19M7aMDqS6EdrkJRIXuRAoHYWQjIEYAEVamesKNmzzxfr0zdR:1vZ55T:vY5QPukait1ah_4eQf9zC6-E1GHRe7TNhnxsp3RAsHU','2026-01-09 10:30:23.957255'),
('j9e4ux5ngj0ej8iutimxgh30bjlpop6t','.eJxVjDsOwjAQBe_iGlnCL_6Ekp4zWLteGwdQIsVJFXF3iJQC2jczb1OR1qXGteU5DqIuClCn35EpPfO4E3nQeJ90msZlHljvij5o07dJ8ut6uH8HlVr91t67khkdYCAonROH3sB4MS4T2VQ8gnBJ8AzppHAPH3AWyoHJWvX-AAW-OHM:1vy5WO:67GnmKBob02RnLcUgezGhZi2wcmc0XXoa4UVtMIYg-I','2026-03-19 10:01:32.292225'),
('jc03jizbur1vib7e0e4crxcznimonkli','.eJxVjDsOwjAQBe_iGln-rH-U9DmDtfY6OIAcKU4qxN1JpBTQzsx7bxZxW2vcelniROzKtGGXX5gwP0s7DD2w3Wee57YuU-JHwk_b-TBTed3O9u-gYq_7GiQAFVO0CCi19M7aMDqS6EdrkJRIXuRAoHYWQjIEYAEVamesKNmzzxfr0zdR:1vZ0qW:SrFGSS8NY4ojPmv2ZEHb-TeWGhIhXDHEdBRTVGsafb0','2026-01-09 05:58:40.932425'),
('jcqfdndi4r9tszyxqwxxbtxitz900ayf','.eJxVjDsOwjAQBe_iGln-rH-U9DmDtfY6OIAcKU4qxN1JpBTQzsx7bxZxW2vcelniROzKtGGXX5gwP0s7DD2w3Wee57YuU-JHwk_b-TBTed3O9u-gYq_7GiQAFVO0CCi19M7aMDqS6EdrkJRIXuRAoHYWQjIEYAEVamesKNmzzxfr0zdR:1vti8O:XPo8HnJ03-Ocrr8iddVH5mxaiWw58zuVP8Ljv8AzfS4','2026-03-07 08:14:40.220221'),
('jdc1urfr83qt5tm3mz154ehtq84268za','.eJxVjEEOwiAQRe_C2hBhQKYu3XsGMlMGqRpISrsy3l2bdKHb_977LxVpXUpcu8xxSuqswKrD78g0PqRuJN2p3poeW13mifWm6J12fW1Jnpfd_Tso1Mu3NoRH8BIMQPAnx0M2KBKsQ2ZvA1vKLvDgmYHAJCSghOgzZJMBSNT7A-95OAU:1vTFar:wmuBnfHJVt_OK05bmyT-imKbipQTm0sVyo8yK3UPzR8','2025-12-24 08:30:41.241048'),
('jg36r7s7lb0l0no6nipn4pprrezyhdtl','.eJxVjDsOwjAQBe_iGllJvP6Ekp4zWLvZNQ4gW4qTCnF3iJQC2jcz76UibmuOW5MlzqzOyhh1-h0Jp4eUnfAdy63qqZZ1mUnvij5o09fK8rwc7t9Bxpa_dW8CYbB-MGScJ-YRmIEACNFZb30H0rPYkBLwMACbMTiLQXxnJU2k3h8EvzhE:1vZ0ck:c8jVEbfIjImpgtha29NMaEaq3VlEGgZl_SHVAD1zLms','2026-01-09 05:44:26.896372'),
('jiuqp4u0n48zdpc1oi58yw9hsrpfn9sj','.eJxVjDsOwjAQBe_iGllJvP6Ekp4zWLvZNQ4gW4qTCnF3iJQC2jcz76UibmuOW5MlzqzOyhh1-h0Jp4eUnfAdy63qqZZ1mUnvij5o09fK8rwc7t9Bxpa_dW8CYbB-MGScJ-YRmIEACNFZb30H0rPYkBLwMACbMTiLQXxnJU2k3h8EvzhE:1vZ5tX:z2ZZUwLX7NUX5dHvHLsXNcbrt3sp22XLLCYNSRM7fms','2026-01-09 11:22:07.814320'),
('jkj8tt6cgo2m3hw0uw7of5wqxigcsu6l','.eJxVjMEOwiAQRP-FsyFloWvx6N1vIMAuUjWQlPZk_HdL0oOeJjNvZt7C-W3Nbmu8uJnERcAoTr9h8PHJpRN6-HKvMtayLnOQvSIP2uStEr-uR_fvIPuW97Viy2iZaSKECAlAdQNABpVnhaOicyCTaFcwPAxoGNPEWls9AojPFx3fOA0:1vSuYw:gAGg60TPSSlPQ9gRXPiGVzBWJFR4wGEwPjxhT3nR8jU','2025-12-23 10:03:18.818430'),
('jnox9bq9bvs8djc0l836txpuugw5gvdf','.eJxVjDsOwjAQBe_iGlnCL_6Ekp4zWLteGwdQIsVJFXF3iJQC2jczb1OR1qXGteU5DqIuClCn35EpPfO4E3nQeJ90msZlHljvij5o07dJ8ut6uH8HlVr91t67khkdYCAonROH3sB4MS4T2VQ8gnBJ8AzppHAPH3AWyoHJWvX-AAW-OHM:1vuqGi:tx3tR9juO9y2v56i37B9d02F40-vTCqRTzH2fU0urO0','2026-03-10 11:07:56.148851'),
('jnwicjbb45sdpprpgtipve57v2s1fg6h','.eJxVjEEOgjAQRe_StWloC0zr0j1naGamg0VNSSisjHcXEha6_e-9_1YRtzXHrcoSp6SuyqrL70bITykHSA8s91nzXNZlIn0o-qRVD3OS1-10_w4y1rzXxnv2zrAABGuBmahBosQBbHAcnPSAbhTTQQO0y9aMPrQgXZ9saL36fAHj1TeV:1vMPOo:TYu1jOdWU4peTMz-IOYJqo-npc1orffitZIBM1bLfAw','2025-12-05 11:33:58.139357'),
('jra6jam7rz6ugybxzqvoyfw4h9afj6fy','.eJxVjMEKwyAQRP_FcxE1RHd77L3fIKu7qWmLgZicQv-9CeTQwpzmvZlNRVqXEtcmcxxZXZXr1eW3TJRfUg_CT6qPSeepLvOY9KHokzZ9n1jet9P9OyjUyr4Gy96FACZ5AOw6SsiIibOnQTKanBgHxGBQxKMx3sIeBALqnRVWny8BmTfb:1vMOBL:8ViLR02WaMWgwafUBWeDeJ_VooqsNJZa1Ko1UqUP4do','2025-12-05 10:15:59.979626'),
('jro2k0m8piv7b2di0ysm8drzn8phyit8','.eJxVjDsOwjAQBe_iGlnCL_6Ekp4zWLteGwdQIsVJFXF3iJQC2jczb1OR1qXGteU5DqIuClCn35EpPfO4E3nQeJ90msZlHljvij5o07dJ8ut6uH8HlVr91t67khkdYCAonROH3sB4MS4T2VQ8gnBJ8AzppHAPH3AWyoHJWvX-AAW-OHM:1vy1bz:LzViHhnPjqizfr_QY2kRGkx4EHyAlN9nOVKdpLqBMCg','2026-03-19 05:51:03.877001'),
('jvl4s39d5phwk6dl5irdzq6b0x77n3n9','.eJxVjMEOwiAQRP-FsyFloWvx6N1vIMAuUjWQlPZk_HdL0oOeJjNvZt7C-W3Nbmu8uJnERcAoTr9h8PHJpRN6-HKvMtayLnOQvSIP2uStEr-uR_fvIPuW97Viy2iZaSKECAlAdQNABpVnhaOicyCTaFcwPAxoGNPEWls9AojPFx3fOA0:1vWWA7:rqpUMeZN_0Hb0lORzoIRrI7ec53JcWoNn8-y-oaF2hY','2026-01-02 08:48:35.923144'),
('jw7ul46i8pyqxa2qtdkhtr63zrkzxfvm','.eJxVjDsOwjAQBe_iGln4F7yU9JzBWu-uSQDZUpxUiLtDpBTQvpl5L5VwXca0dpnTxOqsnFWH3zEjPaRuhO9Yb01Tq8s8Zb0peqddXxvL87K7fwcj9vFbA50gyEAlkzcSIotHYxkNAx9ZwFG0wXgv1pJB8MNAEHMuQs5xEVDvDyaWOQU:1vTHU1:77N3KwyQv9ev1DWatbxRpEj6eZu4q1K1vnzlPReS4B0','2025-12-24 10:31:45.598046'),
('khohubialfbo6nq6azpf0o6xo0hwd1lv','.eJxVjEEOgjAQRe_StWloC0zr0j1naGamg0VNSSisjHcXEha6_e-9_1YRtzXHrcoSp6SuyqrL70bITykHSA8s91nzXNZlIn0o-qRVD3OS1-10_w4y1rzXxnv2zrAABGuBmahBosQBbHAcnPSAbhTTQQO0y9aMPrQgXZ9saL36fAHj1TeV:1vJrOz:g1iZLCY0fUcgo0nG7pjbZgQWphoLXNw9CX3uz-x58G0','2025-11-28 10:51:37.502862'),
('kkgwpqhfac2c1q2rl0ufc7rqyqwwgfrg','.eJxVjDsOwjAQBe_iGln-rH-U9DmDtfY6OIAcKU4qxN1JpBTQzsx7bxZxW2vcelniROzKtGGXX5gwP0s7DD2w3Wee57YuU-JHwk_b-TBTed3O9u-gYq_7GiQAFVO0CCi19M7aMDqS6EdrkJRIXuRAoHYWQjIEYAEVamesKNmzzxfr0zdR:1vZ191:lCrPxfP_2YKPromb3uNIsJiSsb-kh365hqWkgUhjxL0','2026-01-09 06:17:47.095035'),
('kvqzfs1l7vb4p7pig4gqlxqhn40yi1mq','.eJxVjDsOwjAQBe_iGllJvP6Ekp4zWLvZNQ4gW4qTCnF3iJQC2jcz76UibmuOW5MlzqzOyhh1-h0Jp4eUnfAdy63qqZZ1mUnvij5o09fK8rwc7t9Bxpa_dW8CYbB-MGScJ-YRmIEACNFZb30H0rPYkBLwMACbMTiLQXxnJU2k3h8EvzhE:1vt2DH:t-PRHX2GfUUONyxHKCPu0swVDezF9Kp2iizv0qJ_qVM','2026-03-05 11:28:55.066593'),
('l9fanoqb3r3bsa3w5rylwimmmfeqpwqr','.eJxVjDsOwjAQBe_iGlnCL_6Ekp4zWLteGwdQIsVJFXF3iJQC2jczb1OR1qXGteU5DqIuClCn35EpPfO4E3nQeJ90msZlHljvij5o07dJ8ut6uH8HlVr91t67khkdYCAonROH3sB4MS4T2VQ8gnBJ8AzppHAPH3AWyoHJWvX-AAW-OHM:1vupNn:MadHQgP8CsPwssUZrAn_0Ule4y7364dP8eZ-Xs9OkZg','2026-03-10 10:11:11.016472'),
('lb852d0k6b76elpekxbmrtjbwhi97n4e','.eJxVjMsOwiAQRf-FtSE8Oh1w6d5vIMCAVA0kpV0Z_11JutDtPefcF3N-34rbe1rdQuzMtGan3zH4-Eh1ELr7ems8trqtS-BD4Qft_NooPS-H-3dQfC-jni0oFMIqxGSDUV7PFD0Fi1GCzSnTBCJnhPT1JKAyAVGjtBOQBsPeH_djN0E:1vZ0UV:tnajO5x2RUfdv8HHFish-PffzvCjkxBICdX95ndc2rk','2026-01-09 05:35:55.996287'),
('ls76kjjdu10uj2jlva45wk3ukl4x5hv1','.eJxVjDsOwjAQBe_iGlnCL_6Ekp4zWLteGwdQIsVJFXF3iJQC2jczb1OR1qXGteU5DqIuClCn35EpPfO4E3nQeJ90msZlHljvij5o07dJ8ut6uH8HlVr91t67khkdYCAonROH3sB4MS4T2VQ8gnBJ8AzppHAPH3AWyoHJWvX-AAW-OHM:1vtkwA:nT9z7hQL5LVUU7KoIO7oBqzA4oZSesBFI3jXauEJqHE','2026-03-07 11:14:14.395754'),
('lxlh8fi8skjw25tuk8v4bo9vtbst4rzm','.eJxVjDsOwjAQBe_iGln-rH-U9DmDtfY6OIAcKU4qxN1JpBTQzsx7bxZxW2vcelniROzKtGGXX5gwP0s7DD2w3Wee57YuU-JHwk_b-TBTed3O9u-gYq_7GiQAFVO0CCi19M7aMDqS6EdrkJRIXuRAoHYWQjIEYAEVamesKNmzzxfr0zdR:1vZ1ge:FaPPifVEQ3v2hxkIa-Olm9U07n9woYTIrdLc_-i4DJE','2026-01-09 06:52:32.782653'),
('mbv4cwkaqvvhcvmhpp14fjn8pqgyzcnq','.eJxVjDsOwjAQBe_iGln-rH-U9DmDtfY6OIAcKU4qxN1JpBTQzsx7bxZxW2vcelniROzKtGGXX5gwP0s7DD2w3Wee57YuU-JHwk_b-TBTed3O9u-gYq_7GiQAFVO0CCi19M7aMDqS6EdrkJRIXuRAoHYWQjIEYAEVamesKNmzzxfr0zdR:1vthfJ:jOJjbyFEQq42cZ2hSBv3soBPhnMnQuSppDaZYsidHRM','2026-03-07 07:44:37.623885'),
('mdn3c2jr0qh8rlpofh5bqbcmcivo7zdt','.eJxVjEEOgjAQRe_StWloC0zr0j1naGamg0VNSSisjHcXEha6_e-9_1YRtzXHrcoSp6SuyqrL70bITykHSA8s91nzXNZlIn0o-qRVD3OS1-10_w4y1rzXxnv2zrAABGuBmahBosQBbHAcnPSAbhTTQQO0y9aMPrQgXZ9saL36fAHj1TeV:1vMO5A:lwYZ0UbcTrlKH63BkfsKoH9IMz-bVCdQ0C9AyOc6kBM','2025-12-05 10:09:36.678999'),
('mdo776ddv2e9lmgen1pca9yq0dzf2jqb','.eJxVjEEOwiAQRe_C2hAgMIBL956BDMxUqgaS0q6Md9cmXej2v_f-SyTc1pq2wUuaSZyFceL0O2YsD247oTu2W5elt3WZs9wVedAhr534eTncv4OKo35r0KRARwvaZusjEoEH5y0HozwYg55t5CliAMPKRHQK1FQocOGQMYj3B9qnN48:1vZ0ko:003RMQRd0PN0J9EpCDwwVpLeeQLLLnioPEN-vBVadTQ','2026-01-09 05:52:46.441813'),
('mdt4qy6c3s9tzeah3p6kvwjbxtxiq0lr','.eJxVjMEOwiAQRP-FsyFloWvx6N1vIMAuUjWQlPZk_HdL0oOeJjNvZt7C-W3Nbmu8uJnERcAoTr9h8PHJpRN6-HKvMtayLnOQvSIP2uStEr-uR_fvIPuW97Viy2iZaSKECAlAdQNABpVnhaOicyCTaFcwPAxoGNPEWls9AojPFx3fOA0:1vSuYw:gAGg60TPSSlPQ9gRXPiGVzBWJFR4wGEwPjxhT3nR8jU','2025-12-23 10:03:18.265868'),
('moqene17py8yagogryc73d7s88j8b4cv','.eJxVjDsOwjAQBe_iGllJvP6Ekp4zWLvZNQ4gW4qTCnF3iJQC2jcz76UibmuOW5MlzqzOyhh1-h0Jp4eUnfAdy63qqZZ1mUnvij5o09fK8rwc7t9Bxpa_dW8CYbB-MGScJ-YRmIEACNFZb30H0rPYkBLwMACbMTiLQXxnJU2k3h8EvzhE:1vt2C2:1pgf63ebpWsMxOwrSPL0RvVCYgvAGO2W502W9aY84ok','2026-03-05 11:27:38.782292'),
('ms5o94wx6d9914juuyrwsj0eabvvtg1l','.eJxVjDsOwjAQBe_iGln-rH-U9DmDtfY6OIAcKU4qxN1JpBTQzsx7bxZxW2vcelniROzKtGGXX5gwP0s7DD2w3Wee57YuU-JHwk_b-TBTed3O9u-gYq_7GiQAFVO0CCi19M7aMDqS6EdrkJRIXuRAoHYWQjIEYAEVamesKNmzzxfr0zdR:1vtiDh:zUqGhkRqiDfb2WL2nZtlBcfIhECnuBk2plc-MsKFS2o','2026-03-07 08:20:09.753154'),
('n79j53l200a34hv5d8935z4x52jpsnhd','.eJxVjEEOwiAQRe_C2hBgOoW6dN8zkIEBqRqalHZlvLtt0oVu_3vvv4WnbS1-a2nxE4urgF5cfsdA8ZnqQfhB9T7LONd1mYI8FHnSJseZ0-t2un8HhVrZa4wY7JCwj0jZaQguI7DqklagwRitQUW2ziIFldFmg4M1gYGN3cVOfL70bjdB:1vt2K1:sIrTvhSGuBfDlfTBI_YfZbOVV-WcFmvqTL7hw5wMpEU','2026-03-05 11:35:53.057333'),
('nn60r5ckbufhbfglo1mp7huqnrjdo1od','.eJxVjEEOwiAQRe_C2pCBIoJL956BzAxTqRpISrsy3l2bdKHb_977L5VwXUpau8xpyuqsvDr8boT8kLqBfMd6a5pbXeaJ9KbonXZ9bVmel939OyjYy7d2-RhdFGsCC_MoAtGzEQhjBuci-hMZGKzJiAgcDdEQgiXwfnDsCNT7A_OwN_A:1vMNXb:bUxn-WzWZlZ69302S2p15ZPJlFmYacmFPXDgY2-jM8Q','2025-12-05 09:34:55.515074'),
('nqu6qpk0oms4xm9w26lm8z947rcarfgs','.eJxVjMEOwiAQRP-FsyFloWvx6N1vIMAuUjWQlPZk_HdL0oOeJjNvZt7C-W3Nbmu8uJnERcAoTr9h8PHJpRN6-HKvMtayLnOQvSIP2uStEr-uR_fvIPuW97Viy2iZaSKECAlAdQNABpVnhaOicyCTaFcwPAxoGNPEWls9AojPFx3fOA0:1vSuYw:gAGg60TPSSlPQ9gRXPiGVzBWJFR4wGEwPjxhT3nR8jU','2025-12-23 10:03:18.745980'),
('nwkfzi7sm3k9jnocjl3r6zrtuosa32og','.eJxVjEEOgjAQRe_StWloC0zr0j1naGamg0VNSSisjHcXEha6_e-9_1YRtzXHrcoSp6SuyqrL70bITykHSA8s91nzXNZlIn0o-qRVD3OS1-10_w4y1rzXxnv2zrAABGuBmahBosQBbHAcnPSAbhTTQQO0y9aMPrQgXZ9saL36fAHj1TeV:1vWXsu:hyl5hm00fRQEAPdwmoe8BSw1Ovgrs0nrZtlmxLHMkeg','2026-01-02 10:38:56.932590'),
('nx3ta44gp31w4mmf7gmdrpkdphvh9he5','.eJxVjDsOwjAQBe_iGln-rH-U9DmDtfY6OIAcKU4qxN1JpBTQzsx7bxZxW2vcelniROzKtGGXX5gwP0s7DD2w3Wee57YuU-JHwk_b-TBTed3O9u-gYq_7GiQAFVO0CCi19M7aMDqS6EdrkJRIXuRAoHYWQjIEYAEVamesKNmzzxfr0zdR:1vthRo:UobtXpJs3MhWmAt82GsTOTprPBV4kKi7NEvheGkRSHg','2026-03-07 07:30:40.671613'),
('nxxrtapcwiodd1jshk07fm62amt12r96','.eJxVjDsOwjAQBe_iGlnCL_6Ekp4zWLteGwdQIsVJFXF3iJQC2jczb1OR1qXGteU5DqIuClCn35EpPfO4E3nQeJ90msZlHljvij5o07dJ8ut6uH8HlVr91t67khkdYCAonROH3sB4MS4T2VQ8gnBJ8AzppHAPH3AWyoHJWvX-AAW-OHM:1vtjjq:p8VULEVf8wDCH0dPW2MKjFti1kaUT_bLR9Zr0rVVaJ4','2026-03-07 09:57:26.088605'),
('o04mnp6dfjwoulhq1eo6hm6ng68i6qsl','.eJxVjDsOwjAQBe_iGln4F7yU9JzBWu-uSQDZUpxUiLtDpBTQvpl5L5VwXca0dpnTxOqsnFWH3zEjPaRuhO9Yb01Tq8s8Zb0peqddXxvL87K7fwcj9vFbA50gyEAlkzcSIotHYxkNAx9ZwFG0wXgv1pJB8MNAEHMuQs5xEVDvDyaWOQU:1vTHpk:CcYjklto6jqnEUa3HfMyqO0yNdzG-vnK1NxpVLt8Mx8','2025-12-24 10:54:12.921515'),
('oae0712e6cd7bd732w8dbvzkriynw2ea','.eJxVjMsOwiAQRf-FtSFFGJhx6b7f0AwDSNWUpI-V8d-1SRe6veec-1IDb2sdtiXPw5jURRl1-t0iyyNPO0h3nm5NS5vWeYx6V_RBF923lJ_Xw_07qLzUb03FFN8VIkQ2glSYHARB9pStC51zUJywiYBWCCF06H0kOCdECx7U-wPOPjbA:1vJ6K3:gbdBvZqqNZlPv0xd8A_RTeZhGerCGVhMKBjaSrUTxTI','2025-11-26 08:35:23.013757'),
('onnlmww58n84o97gpqpd56vxp1nxp98r','.eJxVjDsOwjAQBe_iGlnCL_6Ekp4zWLteGwdQIsVJFXF3iJQC2jczb1OR1qXGteU5DqIuClCn35EpPfO4E3nQeJ90msZlHljvij5o07dJ8ut6uH8HlVr91t67khkdYCAonROH3sB4MS4T2VQ8gnBJ8AzppHAPH3AWyoHJWvX-AAW-OHM:1vvDJV:GP4Q65EyqYnashdUt31j0WJOhY1oIERr-zkXngNVf6A','2026-03-11 11:44:21.448723'),
('oqfdu4k1fbvrzxvb0teor3n81ugv0k7i','.eJxVjDsOwyAQRO9CHaHlYz4p0_sMaGFxcBJhydhVlLsHSy6SaqR5b-bNAu5bCXvLa5iJXZlgl98uYnrmegB6YL0vPC11W-fID4WftPFxofy6ne7fQcFW-lo7pyyKOAjlLVg0IA1JA2AFaEPOkdI2WQUyqwFT12gCT36SPSNk9vkCmmc2pA:1vcMUK:dSPttm-gypjHLsOWQPRoF7m1hHVlbFDc2nZZTq-v47k','2026-01-18 11:41:36.227942'),
('orxl252acxr070edugoh2cay9hb15l1p','.eJxVjDsOwjAQBe_iGllJvP6Ekp4zWLvZNQ4gW4qTCnF3iJQC2jcz76UibmuOW5MlzqzOyhh1-h0Jp4eUnfAdy63qqZZ1mUnvij5o09fK8rwc7t9Bxpa_dW8CYbB-MGScJ-YRmIEACNFZb30H0rPYkBLwMACbMTiLQXxnJU2k3h8EvzhE:1vZ4e8:Ix-gUd7m-bZEdREZ1uCdweRDziPnVrURFOqGIUiPrjc','2026-01-09 10:02:08.388650'),
('oy3v6diu2hbvg1n2d93np2p2jk6g26a9','.eJxVjDsOwjAQBe_iGllJvP6Ekp4zWLvZNQ4gW4qTCnF3iJQC2jcz76UibmuOW5MlzqzOyhh1-h0Jp4eUnfAdy63qqZZ1mUnvij5o09fK8rwc7t9Bxpa_dW8CYbB-MGScJ-YRmIEACNFZb30H0rPYkBLwMACbMTiLQXxnJU2k3h8EvzhE:1vZ5UY:wUeV5Wv9qD2WrBenq1MAm-mfKvm7vFQ1dFupc8bM5S4','2026-01-09 10:56:18.690645'),
('p0e1rdleg1qe1259wn051t0u3dapci3o','.eJxVjDsOwjAQBe_iGlnCL_6Ekp4zWLteGwdQIsVJFXF3iJQC2jczb1OR1qXGteU5DqIuClCn35EpPfO4E3nQeJ90msZlHljvij5o07dJ8ut6uH8HlVr91t67khkdYCAonROH3sB4MS4T2VQ8gnBJ8AzppHAPH3AWyoHJWvX-AAW-OHM:1vy6HA:rCpwc_vwVFbgLNlg4_uenz03PTunrDruxCr7EuWMH14','2026-03-19 10:49:52.789595'),
('p69zpwtmbkjlzd2sa5lfagbr21ibn8te','.eJxVjDsOwjAQBe_iGln4F7yU9JzBWu-uSQDZUpxUiLtDpBTQvpl5L5VwXca0dpnTxOqsnFWH3zEjPaRuhO9Yb01Tq8s8Zb0peqddXxvL87K7fwcj9vFbA50gyEAlkzcSIotHYxkNAx9ZwFG0wXgv1pJB8MNAEHMuQs5xEVDvDyaWOQU:1vTIBs:QICD3iyOClJf0oB3-_LYPHJ4XWZ6laiPaCbVYhyfF4s','2025-12-24 11:17:04.413493'),
('p9cw56fznv59qjfltkz3fqvhpm63zd0z','.eJxVjDsOwjAQBe_iGlnCL_6Ekp4zWLteGwdQIsVJFXF3iJQC2jczb1OR1qXGteU5DqIuClCn35EpPfO4E3nQeJ90msZlHljvij5o07dJ8ut6uH8HlVr91t67khkdYCAonROH3sB4MS4T2VQ8gnBJ8AzppHAPH3AWyoHJWvX-AAW-OHM:1vy1mO:0KiLd9roUQkvRMAxd80z5LB3gffciH3HGBehYx35RQY','2026-03-19 06:01:48.941298'),
('pa6f5a0rdt5t0e0n2z0ax5g9bt3u8ly0','.eJxVjDsOwjAQBe_iGlnCL_6Ekp4zWLteGwdQIsVJFXF3iJQC2jczb1OR1qXGteU5DqIuClCn35EpPfO4E3nQeJ90msZlHljvij5o07dJ8ut6uH8HlVr91t67khkdYCAonROH3sB4MS4T2VQ8gnBJ8AzppHAPH3AWyoHJWvX-AAW-OHM:1vtjRx:LEFdwAUaWljkPcGHMTcOlWhUJmR-__rGdGTgkAcc834','2026-03-07 09:38:57.145711'),
('pbq58u47pdsgx5r4q8fizy6n2nocxh18','.eJxVjDsOwjAQBe_iGln4F7yU9JzBWu-uSQDZUpxUiLtDpBTQvpl5L5VwXca0dpnTxOqsnFWH3zEjPaRuhO9Yb01Tq8s8Zb0peqddXxvL87K7fwcj9vFbA50gyEAlkzcSIotHYxkNAx9ZwFG0wXgv1pJB8MNAEHMuQs5xEVDvDyaWOQU:1vTHVb:oQD1YcxWwiYFLh0Aje28d6QbYmmNUmOmrRs6-xjNMBo','2025-12-24 10:33:23.080018'),
('pe6sp5w9bldlwuwbc2amchj13umt8108','.eJxVjDsOwjAQBe_iGln-rH-U9DmDtfY6OIAcKU4qxN1JpBTQzsx7bxZxW2vcelniROzKtGGXX5gwP0s7DD2w3Wee57YuU-JHwk_b-TBTed3O9u-gYq_7GiQAFVO0CCi19M7aMDqS6EdrkJRIXuRAoHYWQjIEYAEVamesKNmzzxfr0zdR:1vt2pv:L4tpzMNpKI7OYOZj35PQTvG9GfbA8la0fB2tov54h1I','2026-03-05 12:08:51.982110'),
('poxapfn8t4qx59c147t44g1bilfxzqfr','.eJxVjDsOwjAQBe_iGlnCL_6Ekp4zWLteGwdQIsVJFXF3iJQC2jczb1OR1qXGteU5DqIuClCn35EpPfO4E3nQeJ90msZlHljvij5o07dJ8ut6uH8HlVr91t67khkdYCAonROH3sB4MS4T2VQ8gnBJ8AzppHAPH3AWyoHJWvX-AAW-OHM:1vukmk:P8zUZH33Szb2zKO623huuUkvOCPSrkWgYjNvbKaUUsk','2026-03-10 05:16:38.396881'),
('pzyde4haaeo2rx1an8hcy4ecp2udy5i5','.eJxVjEEOwiAQRe_C2hCGQSgu3fcMhIGpVA0kpV0Z765NutDtf-_9lwhxW0vYOi9hzuIiQJx-N4rpwXUH-R7rrcnU6rrMJHdFHrTLsWV-Xg_376DEXr61cUDkAayGpK0bDAOfDbFXFjE5BMOJJ-QpWoUqgfFIVntgwqwHMOL9AcASNwE:1v9iI0:Vo6c-TxhZtDLCuIm3iqZE-GZvgb9emLNdAUJlFlX6Qk','2025-10-31 11:06:28.420323'),
('qgw36ukufd7klphbe7yhavc7d8ffen8t','.eJxVjDsOwjAQBe_iGlnCL_6Ekp4zWLteGwdQIsVJFXF3iJQC2jczb1OR1qXGteU5DqIuClCn35EpPfO4E3nQeJ90msZlHljvij5o07dJ8ut6uH8HlVr91t67khkdYCAonROH3sB4MS4T2VQ8gnBJ8AzppHAPH3AWyoHJWvX-AAW-OHM:1vtkGE:_iDmxOodVBFntOPcdRkBm0dASnfZSL7sIbYa6_V5sIE','2026-03-07 10:30:54.431562'),
('qimey4aif93mqyz1fqw3ne7h41zh55r4','.eJxVjMsOwiAQRf-FtSFFGJhx6b7f0AwDSNWUpI-V8d-1SRe6veec-1IDb2sdtiXPw5jURRl1-t0iyyNPO0h3nm5NS5vWeYx6V_RBF923lJ_Xw_07qLzUb03FFN8VIkQ2glSYHARB9pStC51zUJywiYBWCCF06H0kOCdECx7U-wPOPjbA:1vJ6K2:HlGXZtYLOCaK0PgO7brJY6QCfjdRVINT2xyUv6cNrjo','2025-11-26 08:35:22.177050'),
('qjjsup9ynz6k5o0br2se8caj5uvo77t9','.eJxVjMEOwiAQRP-FsyFloWvx6N1vIMAuUjWQlPZk_HdL0oOeJjNvZt7C-W3Nbmu8uJnERcAoTr9h8PHJpRN6-HKvMtayLnOQvSIP2uStEr-uR_fvIPuW97Viy2iZaSKECAlAdQNABpVnhaOicyCTaFcwPAxoGNPEWls9AojPFx3fOA0:1vSvXt:SWT2i7nS9BHVd3QLJH8yPrtwh3SZjE6bXUmkJVH2_k8','2025-12-23 11:06:17.232831'),
('qq0r4d0b8viaxzgly1gasxjmsqu5w4d8','.eJxVjMEOwiAQRP-FsyFloWvx6N1vIMAuUjWQlPZk_HdL0oOeJjNvZt7C-W3Nbmu8uJnERcAoTr9h8PHJpRN6-HKvMtayLnOQvSIP2uStEr-uR_fvIPuW97Viy2iZaSKECAlAdQNABpVnhaOicyCTaFcwPAxoGNPEWls9AojPFx3fOA0:1vMPZk:f2wwdR3Ld-GnFJMk6UDVK9T1HX5wHvVqRQbmHEbRBFY','2025-12-05 11:45:16.405353'),
('qri5pwecqjozi3uwfdx0th15g7ztm86a','.eJxVjEEOwiAQRe_C2pCBIoJL956BzAxTqRpISrsy3l2bdKHb_977L5VwXUpau8xpyuqsvDr8boT8kLqBfMd6a5pbXeaJ9KbonXZ9bVmel939OyjYy7d2-RhdFGsCC_MoAtGzEQhjBuci-hMZGKzJiAgcDdEQgiXwfnDsCNT7A_OwN_A:1vJrmK:6SskF386bhN8zhVnAmPmNsXujrKWq49sT0OQhoUEK10','2025-11-28 11:15:44.059940'),
('qzwmnz1ghtb3m099coaq10wx50mbpcyc','.eJxVjDsOwjAQBe_iGln-rH-U9DmDtfY6OIAcKU4qxN1JpBTQzsx7bxZxW2vcelniROzKtGGXX5gwP0s7DD2w3Wee57YuU-JHwk_b-TBTed3O9u-gYq_7GiQAFVO0CCi19M7aMDqS6EdrkJRIXuRAoHYWQjIEYAEVamesKNmzzxfr0zdR:1vZ0oF:FJUlvZnaKJFhT_HdoP3ikfDLbTVNLovq-7j3kLcO2ek','2026-01-09 05:56:19.828187'),
('r0u3v9qql7u4fbyr9cvdu7oyf19y3v3l','.eJxVjDsOwjAQBe_iGlnCL_6Ekp4zWLteGwdQIsVJFXF3iJQC2jczb1OR1qXGteU5DqIuClCn35EpPfO4E3nQeJ90msZlHljvij5o07dJ8ut6uH8HlVr91t67khkdYCAonROH3sB4MS4T2VQ8gnBJ8AzppHAPH3AWyoHJWvX-AAW-OHM:1vtlF4:rL42l5aZ7TYrnF07HWngTVntiJkCiCjnqUHGhfObpzI','2026-03-07 11:33:46.895433'),
('r6cxwbihqj0zevwz7k86jhqhshw9kqld','.eJxVjDsOwjAQBe_iGlnCL_6Ekp4zWLteGwdQIsVJFXF3iJQC2jczb1OR1qXGteU5DqIuClCn35EpPfO4E3nQeJ90msZlHljvij5o07dJ8ut6uH8HlVr91t67khkdYCAonROH3sB4MS4T2VQ8gnBJ8AzppHAPH3AWyoHJWvX-AAW-OHM:1vuoIQ:WkpEtJUaTojeKD9VK5XUwKkLiyQS3goiB2seZLRN4Sg','2026-03-10 09:01:34.551254'),
('redlvlcagmskfsnmgd6psdzog8ekqm6l','.eJxVjDsOwjAQBe_iGln-rH-U9DmDtfY6OIAcKU4qxN1JpBTQzsx7bxZxW2vcelniROzKtGGXX5gwP0s7DD2w3Wee57YuU-JHwk_b-TBTed3O9u-gYq_7GiQAFVO0CCi19M7aMDqS6EdrkJRIXuRAoHYWQjIEYAEVamesKNmzzxfr0zdR:1vt2l4:0UlMstfTFZNnim06g59rOfKnqHX-zDbkuP5SuBxSKVQ','2026-03-05 12:03:50.052843'),
('rfn9cv81eum50gaa1xvh2xz6prfjr44y','.eJxVjEEOgjAQRe_StWloC0zr0j1naGamg0VNSSisjHcXEha6_e-9_1YRtzXHrcoSp6SuyqrL70bITykHSA8s91nzXNZlIn0o-qRVD3OS1-10_w4y1rzXxnv2zrAABGuBmahBosQBbHAcnPSAbhTTQQO0y9aMPrQgXZ9saL36fAHj1TeV:1vJrRY:zqjZ6YGHIXp8jkTo0R_XUP42eeRW2L-svSctlk2y42Y','2025-11-28 10:54:16.503311'),
('rs8b5p36umo8adca8viw02y35z1binz3','.eJxVjDsOwjAQBe_iGllJvP6Ekp4zWLvZNQ4gW4qTCnF3iJQC2jcz76UibmuOW5MlzqzOyhh1-h0Jp4eUnfAdy63qqZZ1mUnvij5o09fK8rwc7t9Bxpa_dW8CYbB-MGScJ-YRmIEACNFZb30H0rPYkBLwMACbMTiLQXxnJU2k3h8EvzhE:1vbawG:LiULwWT8U7tinRa8H90j9luygrZCRx7bzIRx2cKIZs0','2026-01-16 08:55:16.460994'),
('s0cnn1viwy3q58mcfbxp88r93emvjzvw','.eJxVjMEOwiAQRP-FsyFloWvx6N1vIMAuUjWQlPZk_HdL0oOeJjNvZt7C-W3Nbmu8uJnERcAoTr9h8PHJpRN6-HKvMtayLnOQvSIP2uStEr-uR_fvIPuW97Viy2iZaSKECAlAdQNABpVnhaOicyCTaFcwPAxoGNPEWls9AojPFx3fOA0:1vZ0gW:s7SgFtOKbdybfzmFLivVaMgweRPvgGU2liWRDVT9jCA','2026-01-09 05:48:20.152768'),
('s133yo91oyjq71dfkzgqv0xkngyucim7','.eJxVjMEOwiAQRP-FsyFloWvx6N1vIMAuUjWQlPZk_HdL0oOeJjNvZt7C-W3Nbmu8uJnERcAoTr9h8PHJpRN6-HKvMtayLnOQvSIP2uStEr-uR_fvIPuW97Viy2iZaSKECAlAdQNABpVnhaOicyCTaFcwPAxoGNPEWls9AojPFx3fOA0:1vWXHj:J-lJ_LfxaJdgQdCvFNPylOqheW72_atM4tVTZbSq8ms','2026-01-02 10:00:31.631001'),
('s16rla7ssih5agaqz7dtuz2he4nk9f5z','.eJxVjDsOwjAQBe_iGlnCL_6Ekp4zWLteGwdQIsVJFXF3iJQC2jczb1OR1qXGteU5DqIuClCn35EpPfO4E3nQeJ90msZlHljvij5o07dJ8ut6uH8HlVr91t67khkdYCAonROH3sB4MS4T2VQ8gnBJ8AzppHAPH3AWyoHJWvX-AAW-OHM:1vwGbG:ayEAF8_XFCKmEe27ErCYaHQEydZPpqu-HiTVYGUC6HQ','2026-03-14 09:27:02.081418'),
('s1w91q62qyk6qotg97900x03xfwpxk3j','.eJxVjDsOwjAQBe_iGln-rH-U9DmDtfY6OIAcKU4qxN1JpBTQzsx7bxZxW2vcelniROzKtGGXX5gwP0s7DD2w3Wee57YuU-JHwk_b-TBTed3O9u-gYq_7GiQAFVO0CCi19M7aMDqS6EdrkJRIXuRAoHYWQjIEYAEVamesKNmzzxfr0zdR:1vt2iP:UBrATYWHWIKnkF14EltMrsWYdDmLfY00b_kz7Pujx24','2026-03-05 12:01:05.804869'),
('s2pzdv3bbz5qkvgbtzbff99xjc1s782u','.eJxVjDsOwjAQBe_iGln-rH-U9DmDtfY6OIAcKU4qxN1JpBTQzsx7bxZxW2vcelniROzKtGGXX5gwP0s7DD2w3Wee57YuU-JHwk_b-TBTed3O9u-gYq_7GiQAFVO0CCi19M7aMDqS6EdrkJRIXuRAoHYWQjIEYAEVamesKNmzzxfr0zdR:1vt29Z:U4EdDN0hPkgk5bt5HnBj0epiZo-M1WfUpv05YbhNvgw','2026-03-05 11:25:05.682566'),
('sg0a4nziojnk9xiz059lkiaknnorp2z8','.eJxVjDsOwjAQBe_iGlnCL_6Ekp4zWLteGwdQIsVJFXF3iJQC2jczb1OR1qXGteU5DqIuClCn35EpPfO4E3nQeJ90msZlHljvij5o07dJ8ut6uH8HlVr91t67khkdYCAonROH3sB4MS4T2VQ8gnBJ8AzppHAPH3AWyoHJWvX-AAW-OHM:1vwGj5:53gmJ3Os68heLP8e2m_zGNQsIgKRsXkTsM8FMi9NZEU','2026-03-14 09:35:07.741362'),
('sizr5n2nnpbc8lh3rvli88xebrfbnx4l','.eJxVjDsOwjAQBe_iGlnCL_6Ekp4zWLteGwdQIsVJFXF3iJQC2jczb1OR1qXGteU5DqIuClCn35EpPfO4E3nQeJ90msZlHljvij5o07dJ8ut6uH8HlVr91t67khkdYCAonROH3sB4MS4T2VQ8gnBJ8AzppHAPH3AWyoHJWvX-AAW-OHM:1vvBrm:ALqLiEPQvLqK0ltSbrAyG9ByVLRVp8ZMU6Am88Ou4Jw','2026-03-11 10:11:38.597437'),
('spa7bw4jh38jcbfecntuuy1u0x792z7v','.eJxVjMEOwiAQRP-FsyFloWvx6N1vIMAuUjWQlPZk_HdL0oOeJjNvZt7C-W3Nbmu8uJnERcAoTr9h8PHJpRN6-HKvMtayLnOQvSIP2uStEr-uR_fvIPuW97Viy2iZaSKECAlAdQNABpVnhaOicyCTaFcwPAxoGNPEWls9AojPFx3fOA0:1vWXSy:fF70TlYF0CtCeJJc9_rqnsRZXimADaL3L2nbTNsp-ak','2026-01-02 10:12:08.698787'),
('srxzanvqhd6di8xt2n4qeuaorobavkkh','.eJxVjDsOwyAQRO9CHaHlYz4p0_sMaGFxcBJhydhVlLsHSy6SaqR5b-bNAu5bCXvLa5iJXZlgl98uYnrmegB6YL0vPC11W-fID4WftPFxofy6ne7fQcFW-lo7pyyKOAjlLVg0IA1JA2AFaEPOkdI2WQUyqwFT12gCT36SPSNk9vkCmmc2pA:1vcMEX:ZYVBawCu8e-ydPOovWgbaVFu_j9tSsguH7Ppbc5qeYA','2026-01-18 11:25:17.239370'),
('ss4w2uz61mt7dg0qdos595whipw6fuio','.eJxVjDsOwjAQBe_iGlnCL_6Ekp4zWLteGwdQIsVJFXF3iJQC2jczb1OR1qXGteU5DqIuClCn35EpPfO4E3nQeJ90msZlHljvij5o07dJ8ut6uH8HlVr91t67khkdYCAonROH3sB4MS4T2VQ8gnBJ8AzppHAPH3AWyoHJWvX-AAW-OHM:1vwExi:CbG6I1m0F19C-l4AugtxVWeyZ2DQiUNv-x7oORcJg08','2026-03-14 07:42:06.309765'),
('ssoysidzy02zzfl1obzfscgfvaxwb715','.eJxVjMsOwiAQRf-FtSFFGJhx6b7f0AwDSNWUpI-V8d-1SRe6veec-1IDb2sdtiXPw5jURRl1-t0iyyNPO0h3nm5NS5vWeYx6V_RBF923lJ_Xw_07qLzUb03FFN8VIkQ2glSYHARB9pStC51zUJywiYBWCCF06H0kOCdECx7U-wPOPjbA:1vJ6K1:Nf52uT6kjkLBFsAo6NYd6dyuEzyiX6c-5zxV0e87CDE','2025-11-26 08:35:21.232464'),
('svmonejevqqsm7hc8wr6pxrell1opu7z','.eJxVjDsOwjAQBe_iGlnCL_6Ekp4zWLteGwdQIsVJFXF3iJQC2jczb1OR1qXGteU5DqIuClCn35EpPfO4E3nQeJ90msZlHljvij5o07dJ8ut6uH8HlVr91t67khkdYCAonROH3sB4MS4T2VQ8gnBJ8AzppHAPH3AWyoHJWvX-AAW-OHM:1vwGiC:kUHiJTg8F3xKQmJ86sv2-IcJW4Nnr6-xn7FaSUqFScU','2026-03-14 09:34:12.333611'),
('szmeoedl4ufrl201fpdbbelw0kdzlm1v','.eJxVjEEOgjAQRe_StWloC0zr0j1naGamg0VNSSisjHcXEha6_e-9_1YRtzXHrcoSp6SuyqrL70bITykHSA8s91nzXNZlIn0o-qRVD3OS1-10_w4y1rzXxnv2zrAABGuBmahBosQBbHAcnPSAbhTTQQO0y9aMPrQgXZ9saL36fAHj1TeV:1vJrRU:i4MDPpGkxLC6mQ8zOq9wSPmz9FSgJf-V_fuGelx0IE8','2025-11-28 10:54:12.689756'),
('szvy58xqek9v5kiqmqra49s11bl2d0x7','.eJxVjDsOwjAQBe_iGln-rH-U9DmDtfY6OIAcKU4qxN1JpBTQzsx7bxZxW2vcelniROzKtGGXX5gwP0s7DD2w3Wee57YuU-JHwk_b-TBTed3O9u-gYq_7GiQAFVO0CCi19M7aMDqS6EdrkJRIXuRAoHYWQjIEYAEVamesKNmzzxfr0zdR:1vtjI6:HUb4JKsyQ--QtwfbOING0MJ4Wa16ThZtEbyqPojylp4','2026-03-07 09:28:46.416781'),
('t1k5lfywk7pkyge3txx95x5tziujmsgp','.eJxVjDsOwjAQBe_iGllJvP6Ekp4zWLvZNQ4gW4qTCnF3iJQC2jcz76UibmuOW5MlzqzOyhh1-h0Jp4eUnfAdy63qqZZ1mUnvij5o09fK8rwc7t9Bxpa_dW8CYbB-MGScJ-YRmIEACNFZb30H0rPYkBLwMACbMTiLQXxnJU2k3h8EvzhE:1vZ69t:YsQaytCzgPdj3Yb4k7465WrdO-eDOk1RrLuwEuqZ6bM','2026-01-09 11:39:01.199843'),
('t6aiprryuxnqwdxce4rii2otv3vqrffj','.eJxVjEEOwiAQRe_C2pCBIoJL956BzAxTqRpISrsy3l2bdKHb_977L5VwXUpau8xpyuqsvDr8boT8kLqBfMd6a5pbXeaJ9KbonXZ9bVmel939OyjYy7d2-RhdFGsCC_MoAtGzEQhjBuci-hMZGKzJiAgcDdEQgiXwfnDsCNT7A_OwN_A:1vJrQU:A8QXyqYGsMXU0Q_0ZTwI1jNpvmwnCN7Cjrwft_1lt3I','2025-11-28 10:53:10.935053'),
('t71zufjidwzfwuq4k2kvq221tb40a6kf','.eJxVjDsOwjAQBe_iGlnCL_6Ekp4zWLteGwdQIsVJFXF3iJQC2jczb1OR1qXGteU5DqIuClCn35EpPfO4E3nQeJ90msZlHljvij5o07dJ8ut6uH8HlVr91t67khkdYCAonROH3sB4MS4T2VQ8gnBJ8AzppHAPH3AWyoHJWvX-AAW-OHM:1vtjRe:ZRTEIbO3JJry8elRcOi8Uxv9Tb4N4hW6brdi6bDY4PU','2026-03-07 09:38:38.258058'),
('tck75uhrmqyiti9gy8vpogaqj9s9568k','.eJxVjDsOwjAQBe_iGlnCL_6Ekp4zWLteGwdQIsVJFXF3iJQC2jczb1OR1qXGteU5DqIuClCn35EpPfO4E3nQeJ90msZlHljvij5o07dJ8ut6uH8HlVr91t67khkdYCAonROH3sB4MS4T2VQ8gnBJ8AzppHAPH3AWyoHJWvX-AAW-OHM:1vvuvR:rxygbytBdO2F4XpUoC2OkjezHexhwk8H1bpYiwscQRw','2026-03-13 10:18:25.758983'),
('te67igr5tsjl3my2f5wnxnse4wsguo7b','.eJxVjDsOwjAQBe_iGln-rH-U9DmDtfY6OIAcKU4qxN1JpBTQzsx7bxZxW2vcelniROzKtGGXX5gwP0s7DD2w3Wee57YuU-JHwk_b-TBTed3O9u-gYq_7GiQAFVO0CCi19M7aMDqS6EdrkJRIXuRAoHYWQjIEYAEVamesKNmzzxfr0zdR:1vtj0p:hLsFSkHbXR95rlPi4-oljbpwTFfQZtpX_NWh6wTrY9c','2026-03-07 09:10:55.784563'),
('tsmurm9ukjb0ju3f7sxejlhj0u4zoaiz','.eJxVjDsOwjAQBe_iGlnCL_6Ekp4zWLteGwdQIsVJFXF3iJQC2jczb1OR1qXGteU5DqIuClCn35EpPfO4E3nQeJ90msZlHljvij5o07dJ8ut6uH8HlVr91t67khkdYCAonROH3sB4MS4T2VQ8gnBJ8AzppHAPH3AWyoHJWvX-AAW-OHM:1vvC26:GdVhmGsFtIBuo9jUBUuk1cv96G0RfmDa1piQd8BIUXM','2026-03-11 10:22:18.149503'),
('u2fj0t5ikq69dvjt9nfk9fafhvihwkdb','.eJxVjDsOwjAQBe_iGln-rH-U9DmDtfY6OIAcKU4qxN1JpBTQzsx7bxZxW2vcelniROzKtGGXX5gwP0s7DD2w3Wee57YuU-JHwk_b-TBTed3O9u-gYq_7GiQAFVO0CCi19M7aMDqS6EdrkJRIXuRAoHYWQjIEYAEVamesKNmzzxfr0zdR:1vwEq2:zJorgG-3UY4AhbX5MaDna9Olsd86Jx8SrwrcIPeQYNE','2026-03-14 07:34:10.499051'),
('u6x6iyhk3lme4j2rmb598a6rjhybx8b3','.eJxVjEEOwiAQRe_C2hBhQKYu3XsGMlMGqRpISrsy3l2bdKHb_977LxVpXUpcu8xxSuqswKrD78g0PqRuJN2p3poeW13mifWm6J12fW1Jnpfd_Tso1Mu3NoRH8BIMQPAnx0M2KBKsQ2ZvA1vKLvDgmYHAJCSghOgzZJMBSNT7A-95OAU:1vTFar:wmuBnfHJVt_OK05bmyT-imKbipQTm0sVyo8yK3UPzR8','2025-12-24 08:30:41.562100'),
('u8u6zxsr8obzl7qml1vvghhlgdqhlhwq','.eJxVjDsOwjAQBe_iGllJvP6Ekp4zWLvZNQ4gW4qTCnF3iJQC2jcz76UibmuOW5MlzqzOyhh1-h0Jp4eUnfAdy63qqZZ1mUnvij5o09fK8rwc7t9Bxpa_dW8CYbB-MGScJ-YRmIEACNFZb30H0rPYkBLwMACbMTiLQXxnJU2k3h8EvzhE:1vbbjY:EYhJ7c78HuRMiwNMO8pwQiWaFDYjTHZl89V7QvDFUcE','2026-01-16 09:46:12.703703'),
('u8y68wy76gmoe1uuuv6z8s8gbowltnqm','.eJxVjDsOwjAQBe_iGlnCL_6Ekp4zWLteGwdQIsVJFXF3iJQC2jczb1OR1qXGteU5DqIuClCn35EpPfO4E3nQeJ90msZlHljvij5o07dJ8ut6uH8HlVr91t67khkdYCAonROH3sB4MS4T2VQ8gnBJ8AzppHAPH3AWyoHJWvX-AAW-OHM:1vuqek:n4xp-GHfDcrBm5Yt1ZsKQZ7oEiH9M0MwjCGcTLtSM94','2026-03-10 11:32:46.558307'),
('u91pip3jrckowidg6l68z6gv4te8e8vq','.eJxVjDsOwjAQBe_iGln4F7yU9JzBWu-uSQDZUpxUiLtDpBTQvpl5L5VwXca0dpnTxOqsnFWH3zEjPaRuhO9Yb01Tq8s8Zb0peqddXxvL87K7fwcj9vFbA50gyEAlkzcSIotHYxkNAx9ZwFG0wXgv1pJB8MNAEHMuQs5xEVDvDyaWOQU:1vTIEP:uFsrebJZeFmMJjXo9n2wmJRxgM2QKCPnwDdwzz9FOEY','2025-12-24 11:19:41.768902'),
('ukojgrefww57m2ml22fgocxxi6ztz14v','.eJxVjMEOwiAQRP-FsyFloWvx6N1vIMAuUjWQlPZk_HdL0oOeJjNvZt7C-W3Nbmu8uJnERcAoTr9h8PHJpRN6-HKvMtayLnOQvSIP2uStEr-uR_fvIPuW97Viy2iZaSKECAlAdQNABpVnhaOicyCTaFcwPAxoGNPEWls9AojPFx3fOA0:1vSrgT:5klA_CgalCLhNEogcF2csrCW_bqXJAh4W4uflK7GTa0','2025-12-23 06:58:53.907043'),
('ur86bg8ux4qxuygvn03dky8drsn1t5sg','.eJxVjMEOwiAQRP-FsyFloWvx6N1vIMAuUjWQlPZk_HdL0oOeJjNvZt7C-W3Nbmu8uJnERcAoTr9h8PHJpRN6-HKvMtayLnOQvSIP2uStEr-uR_fvIPuW97Viy2iZaSKECAlAdQNABpVnhaOicyCTaFcwPAxoGNPEWls9AojPFx3fOA0:1vSwGU:0QoprY9_-o-QxH8rgjfORM6fcN6F7hajwy4xER305hw','2025-12-23 11:52:22.772310'),
('url61kcbn4shkpkj7n7l5z3gtob76cut','.eJxVjDsOwjAQBe_iGllJvP6Ekp4zWLvZNQ4gW4qTCnF3iJQC2jcz76UibmuOW5MlzqzOyhh1-h0Jp4eUnfAdy63qqZZ1mUnvij5o09fK8rwc7t9Bxpa_dW8CYbB-MGScJ-YRmIEACNFZb30H0rPYkBLwMACbMTiLQXxnJU2k3h8EvzhE:1vt2DS:aEREo0ph9zz2vcFlx1c0QcVWlg7w2R0XZMKjv16QQn4','2026-03-05 11:29:06.107406'),
('uv7gi08t5x4272omudap7j4jjkeak0d5','.eJxVjDsOwjAQBe_iGln-rH-U9DmDtfY6OIAcKU4qxN1JpBTQzsx7bxZxW2vcelniROzKtGGXX5gwP0s7DD2w3Wee57YuU-JHwk_b-TBTed3O9u-gYq_7GiQAFVO0CCi19M7aMDqS6EdrkJRIXuRAoHYWQjIEYAEVamesKNmzzxfr0zdR:1vt29o:L7ZTG5SStKrwNxUsRg8yY78KW85HZ6JiXBmJmR9pFHs','2026-03-05 11:25:20.618192'),
('vcoeyh501u1f9vpw0rgozan2yyep6gw5','.eJxVjDsOwjAQBe_iGllJvP6Ekp4zWLvZNQ4gW4qTCnF3iJQC2jcz76UibmuOW5MlzqzOyhh1-h0Jp4eUnfAdy63qqZZ1mUnvij5o09fK8rwc7t9Bxpa_dW8CYbB-MGScJ-YRmIEACNFZb30H0rPYkBLwMACbMTiLQXxnJU2k3h8EvzhE:1vZ4Cj:QvwwwUWDgpJbZrF9ctxjOctWcK2e8It5_6vEN6FmoY8','2026-01-09 09:33:49.548348'),
('vijk1ev81qz905oahk5m4q4vrvkjiqle','.eJxVjEEOwiAQRe_C2pCBIoJL956BzAxTqRpISrsy3l2bdKHb_977L5VwXUpau8xpyuqsvDr8boT8kLqBfMd6a5pbXeaJ9KbonXZ9bVmel939OyjYy7d2-RhdFGsCC_MoAtGzEQhjBuci-hMZGKzJiAgcDdEQgiXwfnDsCNT7A_OwN_A:1vMO0v:2XWbgvdHwBCWp0ppToMYFlzOSn1ng8cKFdGOr0kyvfM','2025-12-05 10:05:13.504457'),
('vt0ct8i0qqcz1kn9pxorg4pmd0jd0psr','.eJxVjEEOwiAQRe_C2pCBIoJL956BzAxTqRpISrsy3l2bdKHb_977L5VwXUpau8xpyuqsvDr8boT8kLqBfMd6a5pbXeaJ9KbonXZ9bVmel939OyjYy7d2-RhdFGsCC_MoAtGzEQhjBuci-hMZGKzJiAgcDdEQgiXwfnDsCNT7A_OwN_A:1vJrQX:4neRnQXNTWwQDsIyUmLezXWD98mJofPcvQAgZfO5Da8','2025-11-28 10:53:13.804639'),
('vtlfm4h4sc098oewvp73e6ylrmlcqapj','.eJxVjEEOwiAQRe_C2hBhQKYu3XsGMlMGqRpISrsy3l2bdKHb_977LxVpXUpcu8xxSuqswKrD78g0PqRuJN2p3poeW13mifWm6J12fW1Jnpfd_Tso1Mu3NoRH8BIMQPAnx0M2KBKsQ2ZvA1vKLvDgmYHAJCSghOgzZJMBSNT7A-95OAU:1vTEYS:c4mlrvusDeZfUd66RcYVr_6byasE2gBHNpmaCn9kPG4','2025-12-24 07:24:08.715628'),
('vuqu8c0qtxwb4w7883plfaj0a6gmt04j','.eJxVjMEOwiAQRP-FsyFloWvx6N1vIMAuUjWQlPZk_HdL0oOeJjNvZt7C-W3Nbmu8uJnERcAoTr9h8PHJpRN6-HKvMtayLnOQvSIP2uStEr-uR_fvIPuW97Viy2iZaSKECAlAdQNABpVnhaOicyCTaFcwPAxoGNPEWls9AojPFx3fOA0:1vWX40:CJzRpk-HEcbGb7lshGLHaIs70KfV6X60PodESLg8c8o','2026-01-02 09:46:20.088403'),
('vvmf0z3k0t6y2djfeis2ghpmzlheqgqz','.eJxVjEEOgjAQRe_StWloC0zr0j1naGamg0VNSSisjHcXEha6_e-9_1YRtzXHrcoSp6SuyqrL70bITykHSA8s91nzXNZlIn0o-qRVD3OS1-10_w4y1rzXxnv2zrAABGuBmahBosQBbHAcnPSAbhTTQQO0y9aMPrQgXZ9saL36fAHj1TeV:1vJrRS:AdF-KY7IlMk-iYzc8sAZEC9LMe82hlRPZPPdOdqCLhA','2025-11-28 10:54:10.463210'),
('vz8f2cwst26gttnvk73go30vzvn1xzp1','.eJxVjEEOgjAQRe_StWloC0zr0j1naGamg0VNSSisjHcXEha6_e-9_1YRtzXHrcoSp6SuyqrL70bITykHSA8s91nzXNZlIn0o-qRVD3OS1-10_w4y1rzXxnv2zrAABGuBmahBosQBbHAcnPSAbhTTQQO0y9aMPrQgXZ9saL36fAHj1TeV:1vJrRc:AFQ-NaZ-Q-aqFJ9CAmZZU9GPK6chmpCSa90dCmvq5Bo','2025-11-28 10:54:20.294971'),
('w7x64gw7xdeg9c653b6782davdjois4j','.eJxVjDsOwjAQBe_iGllJvP6Ekp4zWLvZNQ4gW4qTCnF3iJQC2jcz76UibmuOW5MlzqzOyhh1-h0Jp4eUnfAdy63qqZZ1mUnvij5o09fK8rwc7t9Bxpa_dW8CYbB-MGScJ-YRmIEACNFZb30H0rPYkBLwMACbMTiLQXxnJU2k3h8EvzhE:1vbYVu:-FSahWH3Wmk7JLUT7mtclRXvUp-l1Sds2FzITXh5Wb0','2026-01-16 06:19:54.565638'),
('wapzquter16wsoawrod2ve8v6scur039','.eJxVjDsOwjAQBe_iGllJvP6Ekp4zWLvZNQ4gW4qTCnF3iJQC2jcz76UibmuOW5MlzqzOyhh1-h0Jp4eUnfAdy63qqZZ1mUnvij5o09fK8rwc7t9Bxpa_dW8CYbB-MGScJ-YRmIEACNFZb30H0rPYkBLwMACbMTiLQXxnJU2k3h8EvzhE:1vZ5Ks:7N3Use5ZY-udcFVT-oJ9-UoZfovuyOVQZHmLEHYzu5I','2026-01-09 10:46:18.443025'),
('wfqt6n8ly4jkoet5cz2neompp3ywlu7a','.eJxVjDsOwjAQBe_iGlnCL_6Ekp4zWLteGwdQIsVJFXF3iJQC2jczb1OR1qXGteU5DqIuClCn35EpPfO4E3nQeJ90msZlHljvij5o07dJ8ut6uH8HlVr91t67khkdYCAonROH3sB4MS4T2VQ8gnBJ8AzppHAPH3AWyoHJWvX-AAW-OHM:1vvDA8:LX1UeJ51-e02hTczsMeCMKZzWx9dMuRens5HvqGz61A','2026-03-11 11:34:40.338101'),
('wgz93eqhpjvyps16fa760zgpryijz4ji','.eJxVjMEOwiAQRP-FsyFloWvx6N1vIMAuUjWQlPZk_HdL0oOeJjNvZt7C-W3Nbmu8uJnERcAoTr9h8PHJpRN6-HKvMtayLnOQvSIP2uStEr-uR_fvIPuW97Viy2iZaSKECAlAdQNABpVnhaOicyCTaFcwPAxoGNPEWls9AojPFx3fOA0:1vSvUn:jtVWo7gvpC-kUaiaPtCRlR-ZWJ9nX_hZ0mp1d1XUkAc','2025-12-23 11:03:05.838897'),
('wh4c7sd0gpja33uqu0l2gkklujwd0g5p','.eJxVjEEOgjAQRe_StWloC0zr0j1naGamg0VNSSisjHcXEha6_e-9_1YRtzXHrcoSp6SuyqrL70bITykHSA8s91nzXNZlIn0o-qRVD3OS1-10_w4y1rzXxnv2zrAABGuBmahBosQBbHAcnPSAbhTTQQO0y9aMPrQgXZ9saL36fAHj1TeV:1vJrOi:KYGNyO8vvTXpWrBCRdzRi0fPLN4rWAS9wxKnDNLN-wg','2025-11-28 10:51:20.665774'),
('wo88tt3kpu3cwdq8j5l6u79c631zb2nh','.eJxVjDsOwyAQRO9CHaHlYz4p0_sMaGFxcBJhydhVlLsHSy6SaqR5b-bNAu5bCXvLa5iJXZlgl98uYnrmegB6YL0vPC11W-fID4WftPFxofy6ne7fQcFW-lo7pyyKOAjlLVg0IA1JA2AFaEPOkdI2WQUyqwFT12gCT36SPSNk9vkCmmc2pA:1vcLWQ:rK68OHHndd13bVUkho_VGemTmvJTJlnyxVcBqtP37yU','2026-01-18 10:39:42.577889'),
('woyqrcrj00ea5f2skx7swntyruzy3p6o','.eJxVjEEOgjAQRe_StWloC0zr0j1naGamg0VNSSisjHcXEha6_e-9_1YRtzXHrcoSp6SuyqrL70bITykHSA8s91nzXNZlIn0o-qRVD3OS1-10_w4y1rzXxnv2zrAABGuBmahBosQBbHAcnPSAbhTTQQO0y9aMPrQgXZ9saL36fAHj1TeV:1vJrOe:mjE_TNEosk6d8OYRgNOAanRYKczR6osP5BAjRoEOT_g','2025-11-28 10:51:16.082276'),
('wqhoyq4sg67bepzqejjqt59rr3zmzecz','.eJxVjDsOwjAQBe_iGllJvP6Ekp4zWLvZNQ4gW4qTCnF3iJQC2jcz76UibmuOW5MlzqzOyhh1-h0Jp4eUnfAdy63qqZZ1mUnvij5o09fK8rwc7t9Bxpa_dW8CYbB-MGScJ-YRmIEACNFZb30H0rPYkBLwMACbMTiLQXxnJU2k3h8EvzhE:1vt2A5:7ht9fgdaOdPEo5X0A6XHoPuKeKrlufChNsS5WgLrm2U','2026-03-05 11:25:37.638359'),
('wunwt0ptwpwnlmfg4khlh6v0jr8vlgpi','.eJxVjDsOwyAQRO9CHaHlYz4p0_sMaGFxcBJhydhVlLsHSy6SaqR5b-bNAu5bCXvLa5iJXZlgl98uYnrmegB6YL0vPC11W-fID4WftPFxofy6ne7fQcFW-lo7pyyKOAjlLVg0IA1JA2AFaEPOkdI2WQUyqwFT12gCT36SPSNk9vkCmmc2pA:1vTDKk:cFxZxhvAAYpixuj06Zc3jZdT0D_MJRp1ru0coxnFlVQ','2025-12-24 06:05:54.096509'),
('wwxu7j0r2dqg1gb7gmb5qeyn60ow1mu7','.eJxVjEEOgjAQRe_StWloC0zr0j1naGamg0VNSSisjHcXEha6_e-9_1YRtzXHrcoSp6SuyqrL70bITykHSA8s91nzXNZlIn0o-qRVD3OS1-10_w4y1rzXxnv2zrAABGuBmahBosQBbHAcnPSAbhTTQQO0y9aMPrQgXZ9saL36fAHj1TeV:1vMO69:ZMXtqJX9Ies64R6gHu4oeYgcgcUb5JgxXj3LBpjC0lE','2025-12-05 10:10:37.425809'),
('x2f58cd6vtjdnght03kbka0w7t6vwc4w','.eJxVjDsOwjAQBe_iGln-rH-U9DmDtfY6OIAcKU4qxN1JpBTQzsx7bxZxW2vcelniROzKtGGXX5gwP0s7DD2w3Wee57YuU-JHwk_b-TBTed3O9u-gYq_7GiQAFVO0CCi19M7aMDqS6EdrkJRIXuRAoHYWQjIEYAEVamesKNmzzxfr0zdR:1vwECv:6ZU4niksDzwrzCjAr6rLY6FOADxlE58-ixQHAfjobAI','2026-03-14 06:53:45.200338'),
('x3e9gvrvad42k7b2mnkryee7y44nbqu8','.eJxVjDsOwjAQBe_iGlnCL_6Ekp4zWLteGwdQIsVJFXF3iJQC2jczb1OR1qXGteU5DqIuClCn35EpPfO4E3nQeJ90msZlHljvij5o07dJ8ut6uH8HlVr91t67khkdYCAonROH3sB4MS4T2VQ8gnBJ8AzppHAPH3AWyoHJWvX-AAW-OHM:1vtlBv:XmB3_qtWuYsZr0-s2__KgEfj4PqlqQedGzgA8TwqAkc','2026-03-07 11:30:31.414571'),
('xagql56t8xdesit8xddn1enbzrg7cg2z','.eJxVjDsOwjAQBe_iGlnCL_6Ekp4zWLteGwdQIsVJFXF3iJQC2jczb1OR1qXGteU5DqIuClCn35EpPfO4E3nQeJ90msZlHljvij5o07dJ8ut6uH8HlVr91t67khkdYCAonROH3sB4MS4T2VQ8gnBJ8AzppHAPH3AWyoHJWvX-AAW-OHM:1vwFEc:pICnPbd78PObOjUXqo7glXlI9nm75OOkgsJtBh5Y5Tk','2026-03-14 07:59:34.807869'),
('xlvwmiz83bhqi6xrfpen13sp00wkszco','.eJxVjDsOwjAQBe_iGln-rH-U9DmDtfY6OIAcKU4qxN1JpBTQzsx7bxZxW2vcelniROzKtGGXX5gwP0s7DD2w3Wee57YuU-JHwk_b-TBTed3O9u-gYq_7GiQAFVO0CCi19M7aMDqS6EdrkJRIXuRAoHYWQjIEYAEVamesKNmzzxfr0zdR:1vt29r:mUCd550rpPBjFtZlYpY39PugywJSX6IDRgpJfUTWRm8','2026-03-05 11:25:23.433953'),
('xwqont3chnqmtvqyfdz5e0ss5cjpjjev','.eJxVjDsOwjAQBe_iGln-rH-U9DmDtfY6OIAcKU4qxN1JpBTQzsx7bxZxW2vcelniROzKtGGXX5gwP0s7DD2w3Wee57YuU-JHwk_b-TBTed3O9u-gYq_7GiQAFVO0CCi19M7aMDqS6EdrkJRIXuRAoHYWQjIEYAEVamesKNmzzxfr0zdR:1vt2k0:6V-CO92DXHTfmwL4iI-UQvT5IMA8bz_eyeTSjopi6cg','2026-03-05 12:02:44.102024'),
('xxmp4ozr2vzjf7vjk59wpmuljzct5zgs','.eJxVjDsOwjAQBe_iGlnCL_6Ekp4zWLteGwdQIsVJFXF3iJQC2jczb1OR1qXGteU5DqIuClCn35EpPfO4E3nQeJ90msZlHljvij5o07dJ8ut6uH8HlVr91t67khkdYCAonROH3sB4MS4T2VQ8gnBJ8AzppHAPH3AWyoHJWvX-AAW-OHM:1vvwXd:gh1h4gC06yI5DfD5TE_xUg2XcYjAnFZTTnY8yezgZE8','2026-03-13 12:01:57.295509'),
('y13dlv29nvtfqfgktorapit73ou8anv8','.eJxVjDsOwjAQBe_iGllJvP6Ekp4zWLvZNQ4gW4qTCnF3iJQC2jcz76UibmuOW5MlzqzOyhh1-h0Jp4eUnfAdy63qqZZ1mUnvij5o09fK8rwc7t9Bxpa_dW8CYbB-MGScJ-YRmIEACNFZb30H0rPYkBLwMACbMTiLQXxnJU2k3h8EvzhE:1vZ4YY:kOqoXsG0HaQy3h6XXuF9jHX_AtcAZd1teDDXzm6UW4Q','2026-01-09 09:56:22.743619'),
('y1vrxubf0muzqy2x71righ2nbzbil72x','.eJxVjDsOwjAQBe_iGllJvP6Ekp4zWLvZNQ4gW4qTCnF3iJQC2jcz76UibmuOW5MlzqzOyhh1-h0Jp4eUnfAdy63qqZZ1mUnvij5o09fK8rwc7t9Bxpa_dW8CYbB-MGScJ-YRmIEACNFZb30H0rPYkBLwMACbMTiLQXxnJU2k3h8EvzhE:1vt2Bm:ngYFIICU7B6Z1JmfaSp8dySu4-3Ru2t_n4bBnz5izgQ','2026-03-05 11:27:22.691172'),
('ya1u1wsw1d9zlqx62tyq0mh01cvfenhp','.eJxVjDsOwjAQBe_iGllJvP6Ekp4zWLvZNQ4gW4qTCnF3iJQC2jcz76UibmuOW5MlzqzOyhh1-h0Jp4eUnfAdy63qqZZ1mUnvij5o09fK8rwc7t9Bxpa_dW8CYbB-MGScJ-YRmIEACNFZb30H0rPYkBLwMACbMTiLQXxnJU2k3h8EvzhE:1vt2BG:e8b9ZJYZeATmWKntxVh9tkjR8guYULfFQFk8rvk3Y3w','2026-03-05 11:26:50.811061'),
('yd1y0jsoet8o66nv5jlz9le4solaeqqy','.eJxVjDsOwjAQBe_iGlnCL_6Ekp4zWLteGwdQIsVJFXF3iJQC2jczb1OR1qXGteU5DqIuClCn35EpPfO4E3nQeJ90msZlHljvij5o07dJ8ut6uH8HlVr91t67khkdYCAonROH3sB4MS4T2VQ8gnBJ8AzppHAPH3AWyoHJWvX-AAW-OHM:1vvBV8:MRxjRANY9u7MV3OOBaTTWpuZneBl1utUqVwXePxV-mU','2026-03-11 09:48:14.287114'),
('ypi0pxyvehg3coq7zrx4uir3evr7i2y1','.eJxVjDsOwjAQBe_iGln-rH-U9DmDtfY6OIAcKU4qxN1JpBTQzsx7bxZxW2vcelniROzKtGGXX5gwP0s7DD2w3Wee57YuU-JHwk_b-TBTed3O9u-gYq_7GiQAFVO0CCi19M7aMDqS6EdrkJRIXuRAoHYWQjIEYAEVamesKNmzzxfr0zdR:1vZ1HQ:YNcuhl2JuD5CXXMDqo2x5PaGpfmPhzlyYjRorsuf8GQ','2026-01-09 06:26:28.014726'),
('yw8l5983sz58of3looyz0p2mu1upbgf5','.eJxVjDsOwjAQBe_iGllJvP6Ekp4zWLvZNQ4gW4qTCnF3iJQC2jcz76UibmuOW5MlzqzOyhh1-h0Jp4eUnfAdy63qqZZ1mUnvij5o09fK8rwc7t9Bxpa_dW8CYbB-MGScJ-YRmIEACNFZb30H0rPYkBLwMACbMTiLQXxnJU2k3h8EvzhE:1vZ4ZC:NiEmOzRA7xyfFdUG7QsGJtRBaVCZ8e876WmvNB3nPRc','2026-01-09 09:57:02.653216'),
('z0290cffc49ia04f1ajidp30tqcxcq85','.eJxVjDsOwjAQBe_iGllJvP6Ekp4zWLvZNQ4gW4qTCnF3iJQC2jcz76UibmuOW5MlzqzOyhh1-h0Jp4eUnfAdy63qqZZ1mUnvij5o09fK8rwc7t9Bxpa_dW8CYbB-MGScJ-YRmIEACNFZb30H0rPYkBLwMACbMTiLQXxnJU2k3h8EvzhE:1vbZU2:yuR1jJMGQ1JOjP8KRKkgRRc0dKchEqdueeOEpFV1W30','2026-01-16 07:22:02.005648'),
('z2688sg8faz33cqefrl7dia9tjija69b','.eJxVjDsOwjAQBe_iGln-rH-U9DmDtfY6OIAcKU4qxN1JpBTQzsx7bxZxW2vcelniROzKtGGXX5gwP0s7DD2w3Wee57YuU-JHwk_b-TBTed3O9u-gYq_7GiQAFVO0CCi19M7aMDqS6EdrkJRIXuRAoHYWQjIEYAEVamesKNmzzxfr0zdR:1vukmI:6fzD95kaDuX5O5NHIIEVg6sr-K0c8omxV49iWfdregY','2026-03-10 05:16:10.379142'),
('z3oyuj1qa5ptvog8izjif0np35oue5pp','.eJxVjDsOwjAQBe_iGln-rH-U9DmDtfY6OIAcKU4qxN1JpBTQzsx7bxZxW2vcelniROzKtGGXX5gwP0s7DD2w3Wee57YuU-JHwk_b-TBTed3O9u-gYq_7GiQAFVO0CCi19M7aMDqS6EdrkJRIXuRAoHYWQjIEYAEVamesKNmzzxfr0zdR:1vcLmV:DjR5Cj2xykSaBGTWku_xgspdAgixq-pWVQWn8GVwPbk','2026-01-18 10:56:19.998849'),
('z7tmp221j2kle4igi9wbtx5opzsdzncm','.eJxVjMEOwiAQRP-FsyFloWvx6N1vIMAuUjWQlPZk_HdL0oOeJjNvZt7C-W3Nbmu8uJnERcAoTr9h8PHJpRN6-HKvMtayLnOQvSIP2uStEr-uR_fvIPuW97Viy2iZaSKECAlAdQNABpVnhaOicyCTaFcwPAxoGNPEWls9AojPFx3fOA0:1vStq6:ZVCf9-ZQ3pWAyYh53xpiP3TVANPPvDgWlm48KqbDnO0','2025-12-23 09:16:58.471986'),
('zavbxvjp6zv3wb6tdc835n3vqav1bqdg','.eJxVjDsOwjAQBe_iGln-rH-U9DmDtfY6OIAcKU4qxN1JpBTQzsx7bxZxW2vcelniROzKtGGXX5gwP0s7DD2w3Wee57YuU-JHwk_b-TBTed3O9u-gYq_7GiQAFVO0CCi19M7aMDqS6EdrkJRIXuRAoHYWQjIEYAEVamesKNmzzxfr0zdR:1vt2gZ:Ua3ang4W2cD8mLGsvIjCq6ja0TebvQ6eI1x8hC8G4WI','2026-03-05 11:59:11.004767'),
('zcvf5s9f2373sgdowe20ozw1lqjbivfp','.eJxVjEEOgjAQRe_StWloC0zr0j1naGamg0VNSSisjHcXEha6_e-9_1YRtzXHrcoSp6SuyqrL70bITykHSA8s91nzXNZlIn0o-qRVD3OS1-10_w4y1rzXxnv2zrAABGuBmahBosQBbHAcnPSAbhTTQQO0y9aMPrQgXZ9saL36fAHj1TeV:1vJrMI:QDFRKGsXYi1SkQwwU2BT73VfEPAU10MnAFd7X3S9EwY','2025-11-28 10:48:50.213532'),
('ze0xs9p57qojky8osu0rrm1jc2ow2en9','.eJxVjDsOwjAQBe_iGln4F7yU9JzBWu-uSQDZUpxUiLtDpBTQvpl5L5VwXca0dpnTxOqsnFWH3zEjPaRuhO9Yb01Tq8s8Zb0peqddXxvL87K7fwcj9vFbA50gyEAlkzcSIotHYxkNAx9ZwFG0wXgv1pJB8MNAEHMuQs5xEVDvDyaWOQU:1vTGfu:jdcjG8v3NH4v8VZxU8cLMf03iBEfw0-gK9zFZdLyfQA','2025-12-24 09:39:58.400464'),
('zt97i9h3rqowdmdyyv9br5c2syjvpyt4','.eJxVjDsOwjAQBe_iGlnCL_6Ekp4zWLteGwdQIsVJFXF3iJQC2jczb1OR1qXGteU5DqIuClCn35EpPfO4E3nQeJ90msZlHljvij5o07dJ8ut6uH8HlVr91t67khkdYCAonROH3sB4MS4T2VQ8gnBJ8AzppHAPH3AWyoHJWvX-AAW-OHM:1vvuWg:PyYtIsat3LenK442J43bbaEsvm_4O_GlelonX79XWW8','2026-03-13 09:52:50.668491'),
('zti2dtvx56hk698ieqp0i5n7o95tix2h','.eJxVjDsOwjAQBe_iGlnCL_6Ekp4zWLteGwdQIsVJFXF3iJQC2jczb1OR1qXGteU5DqIuClCn35EpPfO4E3nQeJ90msZlHljvij5o07dJ8ut6uH8HlVr91t67khkdYCAonROH3sB4MS4T2VQ8gnBJ8AzppHAPH3AWyoHJWvX-AAW-OHM:1vulxf:e1kbhCdsnsVBSwbQ_h_UcAqmoFfwtGTbz1rc7sHpQ5E','2026-03-10 06:31:59.446588');

/*Table structure for table `myapp_booking` */

DROP TABLE IF EXISTS `myapp_booking`;

CREATE TABLE `myapp_booking` (
  `id` bigint NOT NULL AUTO_INCREMENT,
  `date` varchar(100) NOT NULL,
  `SEAT_id` bigint NOT NULL,
  `USERS_id` bigint NOT NULL,
  `seat_no` int NOT NULL,
  `amount` varchar(100) NOT NULL,
  `status` varchar(100) NOT NULL,
  PRIMARY KEY (`id`),
  KEY `myapp_booking_SEAT_id_5e6fa83f_fk_myapp_seat_id` (`SEAT_id`),
  KEY `myapp_booking_USERS_id_5f8debbe_fk_myapp_users_id` (`USERS_id`),
  CONSTRAINT `myapp_booking_SEAT_id_5e6fa83f_fk_myapp_seat_id` FOREIGN KEY (`SEAT_id`) REFERENCES `myapp_seat` (`id`),
  CONSTRAINT `myapp_booking_USERS_id_5f8debbe_fk_myapp_users_id` FOREIGN KEY (`USERS_id`) REFERENCES `myapp_users` (`id`)
) ENGINE=InnoDB AUTO_INCREMENT=110 DEFAULT CHARSET=utf8mb4 COLLATE=utf8mb4_0900_ai_ci;

/*Data for the table `myapp_booking` */

insert  into `myapp_booking`(`id`,`date`,`SEAT_id`,`USERS_id`,`seat_no`,`amount`,`status`) values 
(100,'2026-02-28',75,2,1,'10.0','pending'),
(101,'2026-02-28',76,2,2,'10.0','pending'),
(102,'2026-02-28',79,2,5,'10.0','pending'),
(103,'2026-02-28',80,2,6,'10.0','pending'),
(104,'2026-02-28',77,2,3,'10.0','pending'),
(105,'2026-02-28',78,2,4,'10.0','pending'),
(106,'2026-02-28',81,2,7,'10.0','pending'),
(107,'2026-02-28',82,2,8,'10.0','pending'),
(108,'2026-03-05',85,2,11,'10.0','pending'),
(109,'2026-03-05',86,2,12,'10.0','pending');

/*Table structure for table `myapp_bus` */

DROP TABLE IF EXISTS `myapp_bus`;

CREATE TABLE `myapp_bus` (
  `id` bigint NOT NULL AUTO_INCREMENT,
  `busname` varchar(100) NOT NULL,
  `reg_no` varchar(100) NOT NULL,
  `description` varchar(100) NOT NULL,
  `DRIVER_id` bigint NOT NULL,
  `FromROUTE_id` bigint NOT NULL,
  `To_ROUTE_id` bigint NOT NULL,
  PRIMARY KEY (`id`),
  KEY `myapp_bus_DRIVER_id_1a5e5bcf_fk_myapp_driver_id` (`DRIVER_id`),
  KEY `myapp_bus_FromROUTE_id_33a8a8a5_fk_myapp_route_id` (`FromROUTE_id`),
  KEY `myapp_bus_To_ROUTE_id_f7660c4b_fk_myapp_route_id` (`To_ROUTE_id`),
  CONSTRAINT `myapp_bus_DRIVER_id_1a5e5bcf_fk_myapp_driver_id` FOREIGN KEY (`DRIVER_id`) REFERENCES `myapp_driver` (`id`),
  CONSTRAINT `myapp_bus_FromROUTE_id_33a8a8a5_fk_myapp_route_id` FOREIGN KEY (`FromROUTE_id`) REFERENCES `myapp_route` (`id`),
  CONSTRAINT `myapp_bus_To_ROUTE_id_f7660c4b_fk_myapp_route_id` FOREIGN KEY (`To_ROUTE_id`) REFERENCES `myapp_route` (`id`)
) ENGINE=InnoDB AUTO_INCREMENT=19 DEFAULT CHARSET=utf8mb4 COLLATE=utf8mb4_0900_ai_ci;

/*Data for the table `myapp_bus` */

insert  into `myapp_bus`(`id`,`busname`,`reg_no`,`description`,`DRIVER_id`,`FromROUTE_id`,`To_ROUTE_id`) values 
(18,'Feroke Fast','KL-11-AB-2345','KSRTC CITY OPPERATION BETWEEN KOZHIKODE AND FEROKE',4,189,189);

/*Table structure for table `myapp_complaints` */

DROP TABLE IF EXISTS `myapp_complaints`;

CREATE TABLE `myapp_complaints` (
  `id` bigint NOT NULL AUTO_INCREMENT,
  `complaints` varchar(100) NOT NULL,
  `status` varchar(100) NOT NULL,
  `replay` varchar(100) NOT NULL,
  `date` varchar(100) NOT NULL,
  `USERS_id` bigint NOT NULL,
  PRIMARY KEY (`id`),
  KEY `myapp_complaints_USERS_id_83d0a5cf_fk_myapp_users_id` (`USERS_id`),
  CONSTRAINT `myapp_complaints_USERS_id_83d0a5cf_fk_myapp_users_id` FOREIGN KEY (`USERS_id`) REFERENCES `myapp_users` (`id`)
) ENGINE=InnoDB AUTO_INCREMENT=5 DEFAULT CHARSET=utf8mb4 COLLATE=utf8mb4_0900_ai_ci;

/*Data for the table `myapp_complaints` */

insert  into `myapp_complaints`(`id`,`complaints`,`status`,`replay`,`date`,`USERS_id`) values 
(1,'gsgsg','pending','pending','2025-12-10 16:03:35.936229',1),
(2,'fsgsg','pending','pending','2025-12-10 16:27:16.260062',1),
(3,'gsgsv','pending','pending','2025-12-10 16:28:07.814626',1),
(4,'no one work','pending','pending','2025-12-26 11:16:03.912172',2);

/*Table structure for table `myapp_driver` */

DROP TABLE IF EXISTS `myapp_driver`;

CREATE TABLE `myapp_driver` (
  `id` bigint NOT NULL AUTO_INCREMENT,
  `licenceno` varchar(100) NOT NULL,
  `name` varchar(100) NOT NULL,
  `email` varchar(100) NOT NULL,
  `phone` varchar(100) NOT NULL,
  `place` varchar(100) NOT NULL,
  `pin` varchar(100) NOT NULL,
  `post` varchar(100) NOT NULL,
  `genter` varchar(100) NOT NULL,
  `dob` varchar(100) NOT NULL,
  `district` varchar(100) NOT NULL,
  `state` varchar(100) NOT NULL,
  `USER_id` int NOT NULL,
  `photo` varchar(500) NOT NULL,
  PRIMARY KEY (`id`),
  UNIQUE KEY `USER_id` (`USER_id`),
  CONSTRAINT `myapp_driver_USER_id_79f2881f_fk_auth_user_id` FOREIGN KEY (`USER_id`) REFERENCES `auth_user` (`id`)
) ENGINE=InnoDB AUTO_INCREMENT=6 DEFAULT CHARSET=utf8mb4 COLLATE=utf8mb4_0900_ai_ci;

/*Data for the table `myapp_driver` */

insert  into `myapp_driver`(`id`,`licenceno`,`name`,`email`,`phone`,`place`,`pin`,`post`,`genter`,`dob`,`district`,`state`,`USER_id`,`photo`) values 
(1,'','sheedshan','sheedhshancp661@gmail.com','9746397714','kallai','673003','kallai','male','12/10/2004','calicut ','kerala',2,'/media/20251114161101.jpg'),
(2,'090','sheedshan','abc@gmail.com','9746397714','kallai','673003','kallai','male','12/10/2004','calicut ','kerala',6,'/media/20251114161506.jpg'),
(3,'555111','ameen','driver@gmail.com','9037549655','kuthiravattam ','8903','sudu','male','30/09!2010','kollam','kerala',25,'/media/20251121154541.jpg'),
(4,'918 373 282','driver','driver@gmail.com','9778577312','udupi','221133','0039','male','16/6/4','Kozhikode','Kerala',35,'/media/20260221131722.jpg'),
(5,'123647','sreehari','1.insreehari@gmail.com','9037549655','Kozhikode','673008','peeuvayal','male','30/09/2005','Kozhikode','kerala',36,'/media/20260219170450.jpg');

/*Table structure for table `myapp_feedback` */

DROP TABLE IF EXISTS `myapp_feedback`;

CREATE TABLE `myapp_feedback` (
  `id` bigint NOT NULL AUTO_INCREMENT,
  `feedback` varchar(100) NOT NULL,
  `date` varchar(100) NOT NULL,
  `USERS_id` bigint NOT NULL,
  PRIMARY KEY (`id`),
  KEY `myapp_feedback_USERS_id_766bce84_fk_myapp_users_id` (`USERS_id`),
  CONSTRAINT `myapp_feedback_USERS_id_766bce84_fk_myapp_users_id` FOREIGN KEY (`USERS_id`) REFERENCES `myapp_users` (`id`)
) ENGINE=InnoDB AUTO_INCREMENT=8 DEFAULT CHARSET=utf8mb4 COLLATE=utf8mb4_0900_ai_ci;

/*Data for the table `myapp_feedback` */

insert  into `myapp_feedback`(`id`,`feedback`,`date`,`USERS_id`) values 
(1,'gsgsg','2025-12-10 16:35:22.965603',1),
(2,'hshsh','2025-12-10 16:47:16.314778',1),
(3,'sgsgg','2025-12-10 16:48:46.605637',1),
(4,'fagsgsfs','2025-12-10 16:49:28.327931',1),
(5,'tyyuig fig bhh','2025-12-10 16:49:51.897646',1),
(6,'helii','2025-12-26 11:16:17.209453',2),
(7,'hello it is very good','2026-02-25 16:00:19.384539',2);

/*Table structure for table `myapp_loacation` */

DROP TABLE IF EXISTS `myapp_loacation`;

CREATE TABLE `myapp_loacation` (
  `id` bigint NOT NULL AUTO_INCREMENT,
  `latitude` varchar(100) NOT NULL,
  `longitude` varchar(100) NOT NULL,
  `DRIVER_id` bigint NOT NULL,
  PRIMARY KEY (`id`),
  KEY `myapp_loacation_DRIVER_id_69876937_fk_myapp_driver_id` (`DRIVER_id`),
  CONSTRAINT `myapp_loacation_DRIVER_id_69876937_fk_myapp_driver_id` FOREIGN KEY (`DRIVER_id`) REFERENCES `myapp_driver` (`id`)
) ENGINE=InnoDB AUTO_INCREMENT=4 DEFAULT CHARSET=utf8mb4 COLLATE=utf8mb4_0900_ai_ci;

/*Data for the table `myapp_loacation` */

insert  into `myapp_loacation`(`id`,`latitude`,`longitude`,`DRIVER_id`) values 
(1,'11.2589601','75.7839274',3),
(2,'11.2591251','75.7842038',1),
(3,'11.2932465','75.824787',4);

/*Table structure for table `myapp_payment` */

DROP TABLE IF EXISTS `myapp_payment`;

CREATE TABLE `myapp_payment` (
  `id` bigint NOT NULL AUTO_INCREMENT,
  `status` varchar(100) NOT NULL,
  `BOOKING_id` bigint NOT NULL,
  PRIMARY KEY (`id`),
  KEY `myapp_payment_BOOKING_id_73bede23_fk_myapp_booking_id` (`BOOKING_id`),
  CONSTRAINT `myapp_payment_BOOKING_id_73bede23_fk_myapp_booking_id` FOREIGN KEY (`BOOKING_id`) REFERENCES `myapp_booking` (`id`)
) ENGINE=InnoDB AUTO_INCREMENT=6 DEFAULT CHARSET=utf8mb4 COLLATE=utf8mb4_0900_ai_ci;

/*Data for the table `myapp_payment` */

/*Table structure for table `myapp_route` */

DROP TABLE IF EXISTS `myapp_route`;

CREATE TABLE `myapp_route` (
  `id` bigint NOT NULL AUTO_INCREMENT,
  `strating` varchar(100) NOT NULL,
  `destination` varchar(100) NOT NULL,
  PRIMARY KEY (`id`)
) ENGINE=InnoDB AUTO_INCREMENT=210 DEFAULT CHARSET=utf8mb4 COLLATE=utf8mb4_0900_ai_ci;

/*Data for the table `myapp_route` */

insert  into `myapp_route`(`id`,`strating`,`destination`) values 
(7,'Thiruvananthapuram','Kollam'),
(8,'Thiruvananthapuram','Pathanamthitta'),
(9,'Thiruvananthapuram','Alappuzha'),
(10,'Thiruvananthapuram','Kottayam'),
(11,'Thiruvananthapuram','Idukki'),
(12,'Thiruvananthapuram','Ernakulam'),
(13,'Thiruvananthapuram','Thrissur'),
(14,'Thiruvananthapuram','Palakkad'),
(15,'Thiruvananthapuram','Malappuram'),
(16,'Thiruvananthapuram','Kozhikode'),
(17,'Thiruvananthapuram','Wayanad'),
(18,'Thiruvananthapuram','Kannur'),
(19,'Thiruvananthapuram','Kasaragod'),
(20,'Kollam','Thiruvananthapuram'),
(21,'Kollam','Pathanamthitta'),
(22,'Kollam','Alappuzha'),
(23,'Kollam','Kottayam'),
(24,'Kollam','Idukki'),
(25,'Kollam','Ernakulam'),
(26,'Kollam','Thrissur'),
(27,'Kollam','Palakkad'),
(28,'Kollam','Malappuram'),
(29,'Kollam','Kozhikode'),
(30,'Kollam','Wayanad'),
(31,'Kollam','Kannur'),
(32,'Kollam','Kasaragod'),
(33,'Pathanamthitta','Thiruvananthapuram'),
(34,'Pathanamthitta','Kollam'),
(35,'Pathanamthitta','Alappuzha'),
(36,'Pathanamthitta','Kottayam'),
(37,'Pathanamthitta','Idukki'),
(38,'Pathanamthitta','Ernakulam'),
(39,'Pathanamthitta','Thrissur'),
(40,'Pathanamthitta','Palakkad'),
(41,'Pathanamthitta','Malappuram'),
(42,'Pathanamthitta','Kozhikode'),
(43,'Pathanamthitta','Wayanad'),
(44,'Pathanamthitta','Kannur'),
(45,'Pathanamthitta','Kasaragod'),
(46,'Alappuzha','Thiruvananthapuram'),
(47,'Alappuzha','Kollam'),
(48,'Alappuzha','Pathanamthitta'),
(49,'Alappuzha','Kottayam'),
(50,'Alappuzha','Idukki'),
(51,'Alappuzha','Ernakulam'),
(52,'Alappuzha','Thrissur'),
(53,'Alappuzha','Palakkad'),
(54,'Alappuzha','Malappuram'),
(55,'Alappuzha','Kozhikode'),
(56,'Alappuzha','Wayanad'),
(57,'Alappuzha','Kannur'),
(58,'Alappuzha','Kasaragod'),
(59,'Kottayam','Thiruvananthapuram'),
(60,'Kottayam','Kollam'),
(61,'Kottayam','Pathanamthitta'),
(62,'Kottayam','Alappuzha'),
(63,'Kottayam','Idukki'),
(64,'Kottayam','Ernakulam'),
(65,'Kottayam','Thrissur'),
(66,'Kottayam','Palakkad'),
(67,'Kottayam','Malappuram'),
(68,'Kottayam','Kozhikode'),
(69,'Kottayam','Wayanad'),
(70,'Kottayam','Kannur'),
(71,'Kottayam','Kasaragod'),
(72,'Idukki','Thiruvananthapuram'),
(73,'Idukki','Kollam'),
(74,'Idukki','Pathanamthitta'),
(75,'Idukki','Alappuzha'),
(76,'Idukki','Kottayam'),
(77,'Idukki','Ernakulam'),
(78,'Idukki','Thrissur'),
(79,'Idukki','Palakkad'),
(80,'Idukki','Malappuram'),
(81,'Idukki','Kozhikode'),
(82,'Idukki','Wayanad'),
(83,'Idukki','Kannur'),
(84,'Idukki','Kasaragod'),
(85,'Ernakulam','Thiruvananthapuram'),
(86,'Ernakulam','Kollam'),
(87,'Ernakulam','Pathanamthitta'),
(88,'Ernakulam','Alappuzha'),
(89,'Ernakulam','Kottayam'),
(90,'Ernakulam','Idukki'),
(91,'Ernakulam','Thrissur'),
(92,'Ernakulam','Palakkad'),
(93,'Ernakulam','Malappuram'),
(94,'Ernakulam','Kozhikode'),
(95,'Ernakulam','Wayanad'),
(96,'Ernakulam','Kannur'),
(97,'Ernakulam','Kasaragod'),
(98,'Thrissur','Thiruvananthapuram'),
(99,'Thrissur','Kollam'),
(100,'Thrissur','Pathanamthitta'),
(101,'Thrissur','Alappuzha'),
(102,'Thrissur','Kottayam'),
(103,'Thrissur','Idukki'),
(104,'Thrissur','Ernakulam'),
(105,'Thrissur','Palakkad'),
(106,'Thrissur','Malappuram'),
(107,'Thrissur','Kozhikode'),
(108,'Thrissur','Wayanad'),
(109,'Thrissur','Kannur'),
(110,'Thrissur','Kasaragod'),
(111,'Palakkad','Thiruvananthapuram'),
(112,'Palakkad','Kollam'),
(113,'Palakkad','Pathanamthitta'),
(114,'Palakkad','Alappuzha'),
(115,'Palakkad','Kottayam'),
(116,'Palakkad','Idukki'),
(117,'Palakkad','Ernakulam'),
(118,'Palakkad','Thrissur'),
(119,'Palakkad','Malappuram'),
(120,'Palakkad','Kozhikode'),
(121,'Palakkad','Wayanad'),
(122,'Palakkad','Kannur'),
(123,'Palakkad','Kasaragod'),
(124,'Malappuram','Thiruvananthapuram'),
(125,'Malappuram','Kollam'),
(126,'Malappuram','Pathanamthitta'),
(127,'Malappuram','Alappuzha'),
(128,'Malappuram','Kottayam'),
(129,'Malappuram','Idukki'),
(130,'Malappuram','Ernakulam'),
(131,'Malappuram','Thrissur'),
(132,'Malappuram','Palakkad'),
(133,'Malappuram','Kozhikode'),
(134,'Malappuram','Wayanad'),
(135,'Malappuram','Kannur'),
(136,'Malappuram','Kasaragod'),
(137,'Kozhikode','Thiruvananthapuram'),
(138,'Kozhikode','Kollam'),
(139,'Kozhikode','Pathanamthitta'),
(140,'Kozhikode','Alappuzha'),
(141,'Kozhikode','Kottayam'),
(142,'Kozhikode','Idukki'),
(143,'Kozhikode','Ernakulam'),
(144,'Kozhikode','Thrissur'),
(145,'Kozhikode','Palakkad'),
(146,'Kozhikode','Malappuram'),
(147,'Kozhikode','Wayanad'),
(148,'Kozhikode','Kannur'),
(149,'Kozhikode','Kasaragod'),
(150,'Wayanad','Thiruvananthapuram'),
(151,'Wayanad','Kollam'),
(152,'Wayanad','Pathanamthitta'),
(153,'Wayanad','Alappuzha'),
(154,'Wayanad','Kottayam'),
(155,'Wayanad','Idukki'),
(156,'Wayanad','Ernakulam'),
(157,'Wayanad','Thrissur'),
(158,'Wayanad','Palakkad'),
(159,'Wayanad','Malappuram'),
(160,'Wayanad','Kozhikode'),
(161,'Wayanad','Kannur'),
(162,'Wayanad','Kasaragod'),
(163,'Kannur','Thiruvananthapuram'),
(164,'Kannur','Kollam'),
(165,'Kannur','Pathanamthitta'),
(166,'Kannur','Alappuzha'),
(167,'Kannur','Kottayam'),
(168,'Kannur','Idukki'),
(169,'Kannur','Ernakulam'),
(170,'Kannur','Thrissur'),
(171,'Kannur','Palakkad'),
(172,'Kannur','Malappuram'),
(173,'Kannur','Kozhikode'),
(174,'Kannur','Wayanad'),
(175,'Kannur','Kasaragod'),
(176,'Kasaragod','Thiruvananthapuram'),
(177,'Kasaragod','Kollam'),
(178,'Kasaragod','Pathanamthitta'),
(179,'Kasaragod','Alappuzha'),
(180,'Kasaragod','Kottayam'),
(181,'Kasaragod','Idukki'),
(182,'Kasaragod','Ernakulam'),
(183,'Kasaragod','Thrissur'),
(184,'Kasaragod','Palakkad'),
(185,'Kasaragod','Malappuram'),
(186,'Kasaragod','Kozhikode'),
(187,'Kasaragod','Wayanad'),
(188,'Kasaragod','Kannur'),
(189,'Kozhikode','Feroke'),
(190,'Kozhikode','Ramanattukara'),
(191,'Kozhikode','Beypore'),
(192,'Kozhikode','Kallai'),
(193,'kozhikode','Kallai'),
(194,'kozhikode','Palayam'),
(195,'Kozhikode','Mavoor Road'),
(196,'kozhikode','Koyilandy'),
(197,'kozhikode','Vadakara'),
(198,'kozhikode','Payyoli'),
(199,'kozhikode','Thikkodi'),
(200,'kozhikode','Thamarassery'),
(201,'kozhikode','Puthuppadi'),
(202,'kozhikode','Thiruvambady'),
(203,'kozhikode','Kodenchery'),
(204,'Kozhikode','Balussery'),
(205,'Kozhikode','Chelannur'),
(206,'Kozhikode','Perambra'),
(207,'Kozhikode','Perambra'),
(208,'Kozhikode','Naduvannur'),
(209,'Kozhikode','Ulliyeri');

/*Table structure for table `myapp_seat` */

DROP TABLE IF EXISTS `myapp_seat`;

CREATE TABLE `myapp_seat` (
  `id` bigint NOT NULL AUTO_INCREMENT,
  `seat_no` varchar(100) NOT NULL,
  `seat_type` varchar(100) NOT NULL,
  `BUS_id` bigint NOT NULL,
  PRIMARY KEY (`id`),
  KEY `myapp_seat_BUS_id_fe21e2bd_fk_myapp_bus_id` (`BUS_id`),
  CONSTRAINT `myapp_seat_BUS_id_fe21e2bd_fk_myapp_bus_id` FOREIGN KEY (`BUS_id`) REFERENCES `myapp_bus` (`id`)
) ENGINE=InnoDB AUTO_INCREMENT=120 DEFAULT CHARSET=utf8mb4 COLLATE=utf8mb4_0900_ai_ci;

/*Data for the table `myapp_seat` */

insert  into `myapp_seat`(`id`,`seat_no`,`seat_type`,`BUS_id`) values 
(75,'1','Window',18),
(76,'2','Aisle',18),
(77,'3','Window',18),
(78,'4','Aisle',18),
(79,'5','Window',18),
(80,'6','Aisle',18),
(81,'7','Window',18),
(82,'8','Aisle',18),
(83,'9','Window',18),
(84,'10','Aisle',18),
(85,'11','Window ',18),
(86,'12','Aisle',18),
(87,'13','Window',18),
(88,'14','Aisle',18),
(89,'16','Aisle',18),
(90,'16','Aisle',18),
(91,'17','ladies',18),
(92,'18','ladies',18),
(93,'19','Aisle',18),
(94,'20','Window',18),
(95,'21','Aisle',18),
(96,'22','Window',18),
(97,'23','Aisle',18),
(98,'24','Window',18),
(99,'25','Aisle',18),
(100,'26','Aisle',18),
(101,'27','Window',18),
(102,'28','Window',18),
(103,'29','Aisle',18),
(104,'30','Window',18),
(105,'31','Window',18),
(106,'32','Aisle',18),
(107,'33','Aisle',18),
(108,'34','Window',18),
(109,'35','Window',18),
(110,'36','normal',18),
(111,'37','normal',18),
(112,'38','normal',18),
(113,'39','normal',18),
(114,'40','normal',18),
(115,'41','normal',18),
(116,'42','normal',18),
(117,'43','normal',18),
(118,'44','normal',18),
(119,'45','normal',18);

/*Table structure for table `myapp_stop` */

DROP TABLE IF EXISTS `myapp_stop`;

CREATE TABLE `myapp_stop` (
  `id` bigint NOT NULL AUTO_INCREMENT,
  `stop` varchar(100) NOT NULL,
  `ROUTE_id` bigint NOT NULL,
  PRIMARY KEY (`id`),
  KEY `myapp_stop_ROUTE_id_b0e68518_fk_myapp_route_id` (`ROUTE_id`),
  CONSTRAINT `myapp_stop_ROUTE_id_b0e68518_fk_myapp_route_id` FOREIGN KEY (`ROUTE_id`) REFERENCES `myapp_route` (`id`)
) ENGINE=InnoDB AUTO_INCREMENT=22 DEFAULT CHARSET=utf8mb4 COLLATE=utf8mb4_0900_ai_ci;

/*Data for the table `myapp_stop` */

insert  into `myapp_stop`(`id`,`stop`,`ROUTE_id`) values 
(12,'Kozhikode Bus Stand',189),
(13,'Palayam',189),
(14,'Mavoor Road',189),
(15,'Arayidathupalam',189),
(16,'Kottooli',189),
(17,'Medical College Junction',189),
(18,'Kallai',189),
(19,'Kannancheri',189),
(20,'Feroke',189),
(21,'Pottammal',189);

/*Table structure for table `myapp_ticketprize` */

DROP TABLE IF EXISTS `myapp_ticketprize`;

CREATE TABLE `myapp_ticketprize` (
  `id` bigint NOT NULL AUTO_INCREMENT,
  `amount` varchar(100) NOT NULL,
  `FROMSTOP_id` bigint NOT NULL,
  `TOSTOP_id` bigint NOT NULL,
  PRIMARY KEY (`id`),
  KEY `myapp_ticketprize_FROMSTOP_id_33311d54_fk_myapp_stop_id` (`FROMSTOP_id`),
  KEY `myapp_ticketprize_TOSTOP_id_927aced3_fk_myapp_stop_id` (`TOSTOP_id`),
  CONSTRAINT `myapp_ticketprize_FROMSTOP_id_33311d54_fk_myapp_stop_id` FOREIGN KEY (`FROMSTOP_id`) REFERENCES `myapp_stop` (`id`),
  CONSTRAINT `myapp_ticketprize_TOSTOP_id_927aced3_fk_myapp_stop_id` FOREIGN KEY (`TOSTOP_id`) REFERENCES `myapp_stop` (`id`)
) ENGINE=InnoDB AUTO_INCREMENT=20 DEFAULT CHARSET=utf8mb4 COLLATE=utf8mb4_0900_ai_ci;

/*Data for the table `myapp_ticketprize` */

insert  into `myapp_ticketprize`(`id`,`amount`,`FROMSTOP_id`,`TOSTOP_id`) values 
(8,'10',12,13),
(10,'24',12,14),
(11,'30',12,21),
(12,'37',12,16),
(13,'44',12,17),
(14,'52',12,18),
(15,'60',12,19),
(16,'70',12,20),
(18,'24',12,15);

/*Table structure for table `myapp_users` */

DROP TABLE IF EXISTS `myapp_users`;

CREATE TABLE `myapp_users` (
  `id` bigint NOT NULL AUTO_INCREMENT,
  `name` varchar(100) NOT NULL,
  `email` varchar(100) NOT NULL,
  `phone` varchar(100) NOT NULL,
  `place` varchar(100) NOT NULL,
  `pin` varchar(100) NOT NULL,
  `post` varchar(100) NOT NULL,
  `genter` varchar(100) NOT NULL,
  `dob` varchar(100) NOT NULL,
  `district` varchar(100) NOT NULL,
  `state` varchar(100) NOT NULL,
  `USER_id` int NOT NULL,
  `photo` varchar(500) NOT NULL,
  PRIMARY KEY (`id`),
  UNIQUE KEY `USER_id` (`USER_id`),
  CONSTRAINT `myapp_users_USER_id_7156c70c_fk_auth_user_id` FOREIGN KEY (`USER_id`) REFERENCES `auth_user` (`id`)
) ENGINE=InnoDB AUTO_INCREMENT=3 DEFAULT CHARSET=utf8mb4 COLLATE=utf8mb4_0900_ai_ci;

/*Data for the table `myapp_users` */

insert  into `myapp_users`(`id`,`name`,`email`,`phone`,`place`,`pin`,`post`,`genter`,`dob`,`district`,`state`,`USER_id`,`photo`) values 
(1,'abdulla','nihal@gmail.com','9747708851','poovatuparambu','670003','kallai ','male','16-6-2000','Kozhikode ','Kerala ',32,'/media/20251210151722.jpg'),
(2,'user','user@gmail.com','9037549655','wayanad ','2456','pole ','female','80793','Kozhikode ','kerala',33,'/media/20260225161327.jpg');

/*!40101 SET SQL_MODE=@OLD_SQL_MODE */;
/*!40014 SET FOREIGN_KEY_CHECKS=@OLD_FOREIGN_KEY_CHECKS */;
/*!40014 SET UNIQUE_CHECKS=@OLD_UNIQUE_CHECKS */;
/*!40111 SET SQL_NOTES=@OLD_SQL_NOTES */;
